instruction,output
사회초년생은 체크카드랑 신용카드 중에 어떤 걸 사용하는게 좋아?,"사회생활을 막 시작하는 사회초년생은 신용카드 보다는 체크카드를 자신의 주이용 카드로 선택하는 것이 바람직합니다.
체크카드는 신용카드와 달리 대출 기능이 없고, 원칙적으로 자신의 예금 범위 내에서만 결제가 가능하기 때문에 합리적인 소비가 가능합니다.
또한, 체크카드는 사용실적에 따른 소득공제율이 신용카드의 2배이므로 연말정산에도 유리합니다.

* 신용카드는 꼭 필요한 소비 이상으로 충동적인 소비를 하게 될 가능성이 있고, 이용이 편리한 카드론이나 현금서비스는 최고 20%대의 고금리 대출이기 때문에 연체자가 될 위험성도 증가합니다. 연체 시 신용 등급에도 악영향을 줄 수 있습니다."
"신용등급이 뭐고, 왜 중요한거야?","개인 신용등급은 1년에 3회까지 인터넷의 신용평가기관에서 무료로 확인할 수 있습니다.
신용평가기관에는 S&P, 한국신용평가, 무디스, NICE신용평가 등이 있습니다."
신용등급은 어떻게 확인할 수 있어?,개인 신용등급은 1년에 3회까지 인터넷을 통해 신용평가기관에서 무료로 확인할 수 있습니다.
신용등급이 변하는 요인을 알려줘.,"대출금, 카드사용 대금, 통신요금, 공공요금 등을 연체하지 않고 성실하게 상환, 납부하는 등 정상적인 금융거래를 많이 하면 신용등급이 상승합니다.
반면 대출금 연체, 신규대출 및 대출건수 증가 시 신용등급이 하락하게 됩니다.

대출이나 카드사용 등 금융거래 실적이 많지 않은 사회초년생들은 대부분 4~6등급을 받게 되는데, 휴대폰 요금 성실납부 실적 등을 신용조회회사에 꾸준히 제출할 경우 신용가점을 받을 수 있으므로 이를 적극 활용할 것을 추천합니다."
여러 은행을 사용하는 것보다 주거래 은행 위주로 거래하는 것이 더 좋아?,"은행들은 고객의 거래실적에 따라 우수고객으로 선정하고 대출, 예금, 환전, 자금이체 등 금융거래시 금리우대, 수수료감면 등의 혜택을 제공하고 있습니다.
따라서 은행거래를 할 때 여러 은행으로 나누어 하기 보다는 하나의 주거래 은행을 통해 집중적으로 거래하는 것이 유리합니다."
주거래은행을 정하는 팁을 알려줘.,"자신이 앞으로 많이 사용하게 될 금융서비스에 대한 혜택 뿐 아니라, 이용편의성 등을 종합적으로 고려할 필요가 있습니다."
현금서비스에 대해서 알려줘.,"현금서비스는 *단기카드대출*로, 신용카드의 한도 내에서 카드 결제 대신 현금을 빌리는 서비스를 의미합니다. 카드론과는 다른 점이, 빌린 돈을 다음 달 카드 결제일에 일시불로 갚아야 합니다. 이자율은 카드론보다 높습니다."
카드론에 대해서 알려줘.,"카드론은 *장기카드대출*입니다. 현금서비스보다 큰 금액을 장기적으로 갚아나가는 것입니다. 상환 방식에 따라 최대 36개월 내로 지정한 개월수만큼 나눠서 갚는 것입니다. 대출 한도는 카드사, 신용등급에 따라 상이하나 일반적으로 1~3천만원 사이입니다."
현금서비스와 카드론의 위험성에 대해서 알려줘.,"현금서비스는 우선 이자율이 연 17% 안팎으로 굉장히 높은 수준입니다. 대부업법상 법정 최고금리가 연 20% 수준이라는 점을 감안하면 굉장히 높은 수치입니다. 높은 이자율을 감당해야 하는 점이 불합리하기 때문에 사용하지 않는 것이 자산 관리에 도움이 됩니다.

이자율을 제외하고 봐도, 카드론과 현금서비스는 위험성이 큰 대출로 분류되기 때문에 신용점수가 대폭 하락하는 요인으로 작용합니다. 향후 금융 자산을 관리하는 데에 있어 어려움으로 작용하게 되므로 사용하지 않는 것을 추천합니다."
리볼빙에 대해 설명해줘. 사람들이 하지 말라는 이유도 알려줘.,"리볼빙은 *일부결제금액이월약정* 서비스입니다. 이번 달에 결제해야 할 카드값의 일부를 다음달로 이월하여 결제하기로 약정했다는 뜻입니다.
예를 들어 이번 달 카드 대금이 100만원일 때 10%의 리볼빙을 신청한다면 이번 달 결제일에는 10만원만 내도 되는 것입니다.

언뜻 유용해 보이지만 단점이 굉장히 명확합니다.
1. 신용등급 하락 위험 : 리볼빙 서비스를 한 번 이용한 정도로 신용등급이 하락하는 것은 아니지만, 이용기간이 길어지고 이월금액이 누적되면 신용평가에 부정적 지표로 작용하게 됩니다.
2. 높은 수수료 : 일반적으로 15~20%의 수수료를 지불하게 됩니다.
3. 카드대금의 끝없는 이월 : 별도의 상환일이 없기 때문에 매월 약정결제비율에 대응하는 금액을 지불했다면 남은 금액이 끝없이 이월됩니다. 몇 달만 사용하더라도 카드값이 눈덩이처럼 불어나고, 수수료 역시 함께 불어납니다. 미상환 금액만큼 카드사에 빚을 지게 된 것인데도 결제일에는 일부만 지불하기 때문에 여유가 있다고 착각하기 쉽고, 과소비를 하게 됩니다.
4. 카드 한도 제약 : 리볼빙으로 이월된 미상환 금액만큼 카드 한도를 차지하게 됩니다. 카드 한도가 부족해지면 계획적 소비가 어려워지게 됩니다.

위의 4가지 대표적 문제점을 바탕으로 리볼빙을 하지 말라고 조언하는 사람들이 많습니다."
종잣돈을 왜 모아야 하는거야?,"사회생활을 시작하여 월급을 받게 되면, 비록 적은 금액이라도 꾸준히 저축하여 종잣돈을 모으는 과정이 꼭 필요합니다. 종잣돈을 모은 사람과 그렇지 못한 사람 사이에는 결혼 자금이나 주택구입자금, 노후대비 등에 있어 큰 차이가 생기게 됩니다."
종잣돈을 모으는 방법을 알려줘.,"자신의 소득과 투자성향, 수익률, 안정성, 자금필요 시점 등을 종합적으로 고려하여 신중하게 투자(저축)하는 방법을 선택해야 합니다.

일반적으로 사회초년생에게 권해지는 방법에는 크게 *정기적금*과 *적립식펀드*가 있습니다. *정기적금*은 수익률이 낮지만 원금손실 위험이 없고, *적립식펀드*는 수익률이 높지만 원금손실의 위험이 있습니다.

정기적금은 은행, 상품별로 이자율이 다르고 특판여부, 가입방법, 세제혜택 여부 등에 따라 세후수익률이 다르기 때문에 잘 비교해보고 선택해야 합니다.
적립식펀드 또한 회사별, 상품별로 운용실적, 수수료가 크게 차이나므로 역시 잘 비교해보고 선택해야 합니다."
예금과 적금의 차이에 대해서 알려줘.,"예금은 정해진 금액을 한 번에 은행에 맡기는 상품이고, 적금은 일정 기간 동안 저금하여 은행에 맡기는 적립식 상품입니다. "
예금의 종류에 대해서 알려줘.,"예금에는 *정기예금*과 *보통예금*이 있습니다.

*정기예금* : 일정 기간 동안 일정 금액을 맡기는 상품입니다.
*보통예금* : 자유롭게 입출금이 가능한 상품입니다."
적금의 종류에 대해서 알려줘.,"적금에는 *자유적금*과 *정기적금*이 있습니다.

*정기적금* : 일정 기간 동안 일정 금액을 매달 저축하는 상품입니다.
*자유적금* : 정해진 기간 내에 자유롭게 저축하는 상품입니다."
예금과 적금 중 어떤 상품이 이자율이 높아?,"같은 금리라면 예금이 적금보다 더 유리합니다. 적금의 특징 때문인데, 예를 들어 마지막 달에 넣는 금액은 1개월치의 이자만 붙게 됩니다. 따라서 이자율이 같다고 하더라도 예금의 총이자가 더 커지게 되는 것입니다."
예금과 적금은 각각 어떤 상황에 사용하는 것이 좋아?,"적금은 목돈을 만들 때, 예금은 목돈을 굴릴 때 사용합니다.

사회초년생의 경우 목돈을 만들기 위해 우선 정기적금을 가입하는 것을 추천합니다. 월급날마다 정기적금 자동이체가 되도록 설정하고 남은 돈으로 생활하는 방식으로 저축하는 습관을 만들면, 지출금이 늘어나는 것도 막을 수 있습니다.

목돈을 만들고 난 후에는 정기예금을 통해 목돈을 굴리는 방법을 활용하면 됩니다."
특판 상품이 뭐야?,"특판은 특별판매의 줄임말으로, 금융권에서 더 높은 금리의 상품을 *특판예금*, *특판적금*으로 내놓을 때가 있습니다. 이를 잘 활용하면 종잣돈을 만들기 더 유리합니다."
"예금, 적금을 할 때 금액을 어느정도로 하는 것이 좋을까?","이자를 포함해 잔액이 최대 5천만원이 넘지 않도록 하는 것이 좋다.
금융기관이 파산하더라도 예금자보호법에 따라 1인당 5천만원까지 보장해주기 때문이다.

원금과 이자를 포함해 4천만원 ~ 4500만원 정도로 저축하면 안전합니다. 저축은행 역시 5천만원이 보장됩니다."
"예금, 적금을 할 때 한 상품에 집중투자하는 것이 좋을까? 분산투자하는 것이 좋을까?","분산투자하는 것이 좋습니다. 예기치 않은 실직이나 상해, 큰돈이 드는 경조사가 발생하더라도 여러 개 중 한 개만 해지하면 되기 때문에 손해를 줄일 수 있습니다. 수중에 1천만원이 있다면 500만, 300만, 200만의 예금 3개로 나눠 가입하는 식입니다."
적립식 펀드에 대해서 자세히 설명해줘.,"적립식 펀드는 목돈 마련을 위해, 일정 기간동안 일정 금액을 정기적으로 펀드에 투자함으로써 매입시점의 위험을 분산시키고 평균 매입단가를 안정화하는 방법입니다.
안정되고 높은 수익을 올릴 수 있는 투자 방식입니다."
적금과 적립식펀드 중 어떤 것을 선택하는 것이 좋을까?,"기간이 짧을 경우 큰 차이가 없지만, 저축기간이 길어진다면 적립식 펀드가 유리합니다.
다만, 적금은 안정성이 높다는 점이 장점입니다. 적립식 펀드는 수익률이 더 높지만 원금 손실에 대한 위험성도 존재합니다.

개인의 투자 성향에 맞게 선택하는 것이 좋겠습니다."
실업급여 신청방법,"고용보험법 제40조에 따른 요건을 충족하여 실업급여를 신청하고자 할 경우, 퇴사 후 지체없이 거주지 관할 고용센터에 방문하여 실업을 신고하고 실업급여 수급자격 인정을 신청하면 되며, 퇴직 당시 연령과 고용보험 가입기간에 따라 120일~270일의 범위 내에서 퇴직 전 평균임금의 60%가 지급됩니다.
※ 실업급여는 이직일의 다음날부터 12개월을 초과하면 소정급여일수가 남아있더라도 지급을 받을 수 없음

[실업급여 신청방법]
① 전산망(www.work24.go.kr)을 통하여 구직신청을 하고,
② 거주지 관할 고용센터를 방문(신분증 지참)하여 고용센터에서 실시하는 실업급여 신청자 취업지원 설명회 참석
※ www.work24.go.kr에서 실업급여 수급 설명회 온라인 교육 수강 가능
③ 고용센터에서 실시하는 취업지원 설명회에 따라 수급자격인정신청서 및 재취업활동계획서 작성·제출
※ 워크넷으로 구직등록 후 방문시 워크넷 활용교육 및 구직표 작성시간을 면제받을 수 있음
④ 취업지원 설명회 종료 후, 개별상담을 거쳐 추후 일정에 대하여 안내받은 후 귀가
⑤ 관할 고용센터는 원칙적으로 접수 후 14일 이내에 수급자격 인정여부를 결정, 통지"
실업급여 지급기간과 지급금액,실업급여는 실직자가 고용보험에 가입한 기간(피보험기간) 및 이직 당시의 연령에 따라 120일~270일간 지급됩니다. 이직 전 직장에서 지급받던 평균임금의  60%를 지급받게 됩니다.
실업급여는 신청 기간,"퇴직 후 되도록 빨리 거주지 관할 고용센터에 출석하여 구직신청(인터넷 신청 가능) 및 수급자격 인정신청을 하시면 됩니다. 언제까지 실업급여 지급을 신청해야 하는지에 대한 제한은 없으나, 실업급여는 이직일의 다음날로부터 12개월을 초과하면 지급받을 소정급여일수라 남아있는 경우라도 지급을 받을 수 없으므로 이직 후 이에 유의하여 가능한 빨리 신청하셔야 합니다."
출산전후휴가급여 받는 방법,"출산전후 휴가급여는 근로기준법 제74조에 따른 출산전후휴가를 사용한 근로자 중 출산전후휴가 종료일 이전에 피보험단위기간이 통산하여 180일 이상이 되어야 합니다.
- 이 조건에 해당되면 출산전후휴가 개시일 이후 1개월부터 종료일 이후 12개월 이내에 거주지 또는 사업장 관할 고용센터에 출산전휴가급여를 신청하실 수 있습니다.
- 출산전후 휴가급여액은 근로기준법상 통상임금액에 상당하는 금액(상한액 200만원)을 지급하게 되며, 이때 산정된 통상임금이 200만원을 초과하는 경우에는 200만원을 지급하게 됩니다.
"
육아휴직급여 받는 방법,"육아휴직급여는 육아휴직을 30일이상 사용한 근로자중 육아휴직개시일 이전에 피보험단위기간이 통산하여 180일이상이 되어야 하고, 같은 자녀에 대하여 피보험자인 배우자가 30일 이상의 육아휴직을 부여받지 아니하거나 육아기 근로시간 단축을 30일 이상 실시하지 아니하고 있을 것을 요건으로 합니다.

- 이 조건이 해당되면 육아휴직개시일 이후 1월부터 종료일 이후 12월 이내에 사업주로부터 육아휴직확인서를 발급 받아 거주지 또는 사업장 관할 고용센터에 육아휴직급여를 신청할 수 있습니다.

- 육아휴직급여액 첫 3개월은 육아휴직 개시일 기준 월 통상임금의 80%(상한액 월 150만원, 하한액 월 70만원)를 지원, 나머지 기간은 육아휴직 개시일 기준 월 통상임금의 50%(상한액 120만원, 하한액 70만원)를 지원하게 됩니다.

- 단, 산정된 급여액 중 25%는 육아휴직 종료 후 해당 사업장에 복직하여 6개월 이상 계속 근무한 경우에 합산하여 일시불로 지급(25%를 빼고 남은 금액이 70만원 미만일 경우, 70만원을 지급)하게 됩니다."
구인구직 신청절차,"구인·구직 신청을 하고자 하는 경우에는 고용노동부 취업포털사이트인 워크넷 (www.work.go.kr)에 접속하여 구인·구직신청서를 작성·제출하시거나 가까운 고용센터를 방문하여 구인· 구직신청서를 작성하여 제출하시면 됩니다.

구인·구직등록과 관련하여 궁금한 사항이 있으면 가까운 고용센터 또는 고객상담센터(국번없이 1350)으로 문의하여 주시기 바랍니다."
실업급여 해당요건,실업급여 수급 요건을 충족하기 위해서는 근로자는 이직일 이전 18개월 동안 사업주로부터 보수를 지급받은 일수(피보험단위기간)가 180일 이상이어야 합니다.
인터넷으로 구인신청 하는 방법,"인터넷상으로 구인신청을 하고자 하는 경우에는 고용24(www.work24.go.kr)에 접속하여 기업회원으로 가입한 후 마이페이지 좌측 메뉴의 [구인신청 등록]을 클릭하시어 구인신청서를 작성, 등록(사업자등록증은 관할센터에 팩스 또는 온라인첨부)하면 관할 고용센터 업무담당자가 급여 및 직종, 관련법규 위반여부 등 구인조건 확인 후 인증절차(1-2일의 기간소요)를 거쳐 구인신청 완료 시 워크넷에 구인신청내용이 공개됩니다.

참고로, 인터넷으로 구인신청이 어려운 경우에는 사업자등록증을 지참하여 사업장 소재지 관할 고용센터나 새일센터, 일자리센터 등을 방문하시면 직접 구인신청이 가능합니다."
해외취업 지원 사업,"해외 진출을 희망하는 청년을 연수, 알선 취업 및 정착지원, 정보제공 등을 통하여 해외취업으로 연계하는 것이며, 주요 내용으로는 K-Move스쿨, 민간해외취업알선 및 해외취업정착지원금 등이 있습니다.

또한 청년들이 쉽게 해외취업 정보를 찾을 수 있도록 월드잡플러스(www.worldjob.or.kr)에서 관련 서비스를
통합 제공하고 있습니다.

더 자세한 사항은 월드잡플러스(www.worldjob.or.kr) 접속 또는 한국산업인력공단(1644-8000) 상담을 통해
확인하실 수 있습니다."
거짓 구인광고에 대한 신고방법,"거짓구인광고로 피해를 입은 경우에는 워크넷 홈페이지 (www.work.go.kr-하단 거짓구인광고신고) 또는 고용24 홈페이지(www.work24.go.kr-우측 퀵메뉴-고객센터-거짓구인광고신고)를 이용하여 신고하실 수 있습니다.

※ 참고로, 직업안정법 시행령 34조에서 규정하는 거짓 구인광고의 범위는 아래와 같습니다.
1. 구인을 가장하여 물품판매, 수강생모집, 직업소개, 부업알선, 자금모금등을 행하는 광고
2. 거짓 구인을 목적으로 구인자의 신원(업체명 또는 성명)을 표시하지 아니하는 광고
3. 구인자가 제시한 직종, 고용형태, 근로조건등이 응모할 때의 그것과 현저히 다른광고
4. 기타 광고의 중요내용이 사실과 다른 광고"
구직 등록필증 발급방법,"워크넷(www.work.go.kr)에 접속하여 개인회원으로 가입 로그인 후, ""개인회원서비스""에서 ""이력서관리(구직신청)"" 클릭 후 개인이력서 등록 후 구직신청 인증대기 → 발급이 가능합니다."
육아휴직자의 연차휴가 신청방법,"2018.5.29. 이후 육아휴직을 개시한 경우에는 출근율 계산시 육아휴직기간을 출근한 것으로 봅니다.

-2018.5.29. 이전 육아휴직이 종료되었거나, '18.5.29. 이전부터 육아휴직을 사용하고 있는 경우에는 육아휴직기간을 제외한 나머지 소정근로일수에 대한 출근율에 따라 판단하되 당해 사업장의 당해년도 총 소정근로일수에 대한 육아휴직한 근로자의 출근일수비율을 곱하여 휴가일수를 산정하여 지급함."
외국인 근로자 고용절차,"일반외국인근로자를 고용하실 경우
① 내국인 구인노력: 내국인 구인노력이 필요
*신문, 방송 등을 통해 구인노력을 한 경우는 단축
② 외국인고용허가서 신청 및 발급
*알선(고용노동부 알선) → 채용 → 고용허가서 발급(추가)
③ 근로계약체결
*사증발급인정서 신청 및 발급(출입국관리사무소)(변경)
④ 외국인근로자 입국 및 취업교육
*사업주 부담으로 입국 즉시 2박 3일간 16시간 이상의 취업교육을 받아야 함
⑤ 사업장 배치

특례외국인근로자(외국국적동포)를 고용하실 경우
① 내국인 구인노력: 7일간의 내국인 구인노력이 필요
*신문, 방송 등을 통해 구인노력을 한 경우는 3일로 단축"
고용노동부에서 실시하는 심리검사,"고용노동부에서 제공하는 심리검사는 청소년들을 위한 검사와 성인들을 위한 검사로 나뉘어져 있는데, 청소년용으로는 직업흥미검사, 일반직업적성검사, 직업가치관검사, 진로발달검사, 직업인성검사가 있고 성인용으로는 직업선호도 검사와 성인용 직업적성검사, 구직욕구진단검사, 직업가치관검사가 있습니다.

또한, 구직자와 재취업 자를 위한 구직준비도검사와 직업전환검사, 창업을 희망하는 분들에게는 창업진단검사도 준비되어 있습니다.흥미와 선호도를 측정하므로 써 직업의 선호 유형을 찾아보실 수 있습니다.

관할 고용센터에 직접 방문하여 지필검사를 받거나 워크넷을 통한 온라인 검사가 가능합니다.
www.work.go.kr, www.worknet.go.kr 접속 후 로그인 → 직업·진로 선택 → 직업심리검사 메뉴에서 실시"
육아휴직자의 퇴직금 산정방식,"육아휴직기간은 남녀고용평등과 일, 가정 양립 지원에 관한 법률 제19조제4항의 규
정에 따라 퇴직금산정의 기초가 되는 근속기간에는 포함됩니다.
그러나 근로기준법 시행령 제2조에 규정에 의하여 육아휴직기간과 그 기간중에 지불
된 임금은 평균임금 산정기준이 되는 기간과 임금총액에서는 제외됩니다."
"퇴직금 산정 시 산전,후 휴가기간이 포함되는가","근로기준법 제60조 제6항의 규정에 의하여 출산전후휴가기간은 출근한 것으로 간주하
도록 규정되어 있으므로 퇴직금산정시 출산전후휴가기간은 근속기간에 포함하여야 합니
다.
그러나 근로기준법 시행령 제2조의 규정에 의하여 출산전후휴가기간과 그 기간중에 지
불된 임금은 평균임금 산정기준이 되는 기간과 임금의 총액에서는 제외됩니다."
출산휴가 부여 및 급여보전 방법,"근로기준법 제74조의 규정에 의하여 사업주는 임신중의 여성근로자에 대하여 출산전
후를 통하여 90일의 보호휴가를 주어야 하고, 이 경우 반드시 산후에 45일 이상이 확
보되도록 하여야 합니다.

출산전후휴가기간동안의 임금은 최초 60일분은 사용자가 지급하여야 하고, 60일을 초
과하는 30일분에 대하여는 고용보험에서 지급하고 있음. (출산전후 휴가기간 중 최초 60일분에 대하여는 사업주가 지급하고, 60일을 초과하는 30일분에 대하여는 고용보험에서 지급함. (단, 우선지원대상기업의 경우 출산전후휴가기간 90일분을 고용보험에서 지급. 다만, 이 경우에도 최초 60일의 통상임금과 고용보험 급여와의 차액분은 사업주가 지급해야 함 )"
육아휴직 신청자격,"남녀고용평등과 일·가정양립 지원에 관한 법률 제19조에의해 임신 중인 여성근로자나, 8세 이하 또는 초등학교 2학년 이하(입양한 자녀 포함)의 자녀가 있는 근로자(남,녀 불문)가 그 영유아의 양육을 위하여 휴직을 신청하는 경우 1년 이내로 육아휴직 사용이 가능합니다. ○ 단, 같은 법 시행령 제10조에서 육아휴직을 시작하려는 날의 전날까지 당해 사업장에서의 계속 근로한 기간이 6개월 미만인 경우에는 사업주가 육아휴직을 허용하지 않을 수도 있습니다."
성취프로그램 참가방법,"성취프로그램이란 성공적인 취업을 지원하기 위한 선진국형 집단상담 프로그램으로서 5일동안 매일 6시간씩 집단상담 및 교육을 통해 자신의 장·단점을 찾아보고 그 장점을 보다 구체적으로 전달하는 방법에서부터 구인자의 입장에서 면접실시, 이력서 작성, 자기소개서 작성방법 등까지 체계적으로 교육하는 프로그램이며 신규 취업자, 가정주부, 장기적으로 휴직상태에 있었던 실직자에게 더욱 유익한 프로그램입니다.
성취프로그램의 참여를 희망하는 구직자는 누구나 참여할 수 있으며, 참여하고자하는 경우에는 가까운 고용센터에 문의하거나 워크넷(www.work.go.kr, www.worknet.go.kr )접속 후 참여신청이 가능합니다.

(www.work.go.kr, www.worknet.go.kr 접속 후 로그인 → 구직 클릭 → 상단 메뉴 취업도우미 클릭 → 좌측 메뉴 성취프로그램 클릭 , 프로그램 참여하기에서 참여신청)"
생리휴가 사용청구 거부 시 대처,"근로기준법 제73조에 사용자는 여성 근로자가 청구하면 월1일의 생리휴가를 주어야 한다. 고 규정하고 있고, 동법 제114조에 이를 위반하는 경우 500만원 이하의 벌금에 처한다고 규정하고 있습니다.
따라서 사실상 생리일에 휴가를 사용할 수 있도록 법으로 보장하고 있으므로 생리휴가를 사용하고자 하는데도 사용자가 이를 허용하지 않을 경우 근로기준법에 위배되므로, 이에 대한 구제가 필요한 경우 지방고용노동관서에 진정 등을 제기할 수 있습니다."
배우자의 출산휴가,"남녀고용평등과 일·가정 양립지원에 관한 법률 제18조의 2에 따라 사업주는 근로자가 배우자의 출산을 이유로 휴가를 청구하는 경우에는 10일의 휴가를 부여하여야 하며, 이 경우 사용한 휴가기간은 유급으로 하여야 합니다.
배우자 출산휴가는 근로자의 배우자가 출산한 날부터 90일이 지나면 청구할 수 없고 1회에 한정하여 나누어 사용할 수 있습니다."
임신을 이유로 해고 시 구제 방법,"남녀고용평등과 일．가정양립 지원에 관한 법률 제11조(정년.퇴직 및 해고)에 ""사
업주는 근로자의 정년.퇴직 및 해고에 있어서 남녀를 차별하여서는 아니된다.""고 규정
하고 있고, 근로기준법 제23조(해고 등의 제한)에 ""사용자는 근로자에 대하여 정당한
이유없이 해고,휴직,정직, 전직, 감봉 기타 징벌을 하지 못한다.""고 규정하고, 같은
법 제28조(부당해고등의 구제신청)에 사용자가 근로자에게 부당해고 등을 하면 근로자
는 노동위원회에 구제를 신청할 수 있도록 규정하고 있습니다.

따라서 임신을 이유로 해고를 당하여 이에 대한 구제신청을 원할 경우 관할 지방노
동위원회에 ""해고 등의 구제신청서""를 제출할 수 있습니다."
육아휴직 기간이 호봉산정 및 승급을 위한 근속기간에 포함되는가,"남녀고용평등과 일, 가정양립 지원에 관한 법률 제19조에 사업주는 육아휴직을 이유
로 해고 그 밖의 불리한 처우를 하여서는 아니되며, 육아휴직 기간동안은 당해 근로자
를 해고하지 못하고, 육아휴직 종료후에는 휴직전과 동일한 업무 또는 동등한 수준의
임금을 지급하는 직무에 복귀 시키도록 규정하고 있는바, 육아휴직기간은 승직, 승
급, 퇴직금, 연차휴가일수 가산등의 기초가 되는 근속기간에 포함하여야 합니다."
성희롱 피해자에게 인사 상 불이익한 조치가 취해진 경우 대처,"남녀고용평등과 일, 가정양립 지원에 관한 법률 제14조에서 사업주는 직장내 성희롱
발생이 확인된 경우 지체없이 행위자에게 대하여 징계, 그밖에 이에 준하는 조치를 취
하여야하고, 그 피해 근로자에게 해고 그 밖의 불이익한 조치를 취하여서는 아니 된다
고 규정하고 있으므로 만약, 사업주가 이를 위반하여 성희롱 피해자에게 인사상 불이
익한 조치를 하였을 경우에는 사업장 관할 지방고용노동관서 근로개선지도과에 민원을 제기하면 남녀고용평등과일가정양립지원에 관한 법률 제37조2항에 의거 3년이하의 징역 또는 2천만원 이하의 벌금에 처해질 수 있으며, 피해 당사자는 지방노동위원회에 민원 신청을 하여 권리구제를 받을 수 있습니다."
여의사(수련의)의 출산 전후 휴가,근로기준법 제74조에 의한 출산전후휴가는 근로기준법을 적용받는 모든 여성근로자에게 적용됨 ○ 따라서 여의사(수련의)가 병원의 지휘감독아래 노무를 제공하고 그 댓가로 임금을 지급받는 등 실질적인 사용종속관계가 인정되는 근로기준법상 근로자에 해당된다면 근로기준법 제74조에 의한 출산전후휴가 90일(둘이상 자녀를 임신한 경우 120일)을 보장받을 수 있습니다.
출산전후 휴가를 30일만 사용토록 할 경우 구제방법,"근로기준법 제74조에 사용자는 임신중인 여성근로자에게 출산 전과 후를 통하여 90일(둘이상 자녀를 임신한 경우 120일)의 출산전후휴가를 주어야 하고, 이 경우 출산 후의 휴가기간이 연속하여 45일(둘이상 자녀를 임신한 경우 60일)이상이 되어야 한다고 규정하고 있으며, 같은 법 제15조에 이 법에 정한 기준에 미치지 못하는 근로조건을 정한 근로계약은 그 부분에 한하여 무효로 하고, 무효로 된 부분은 이 법에 정한 기준에 의한다. 라고 규정되어 있습니다. 따라서 회사의 취업규칙상 출산전후휴가를 30일만 사용하도록 규정하였다면 그 해당부분은 무효가 되고, 근로기준법에서 정한 기준이 적용됩니다.

만약, 사용자가 근로기준법에 의한 출산전후휴가를 부여하지 않을 경우 사용자에게는 2년이하의 징역 또는 2,000만원 이하의 벌금에 처하도록 규정되어 있으므로 관할 지방고용노동관서에 진정 등 민원을 제기하면 권리구제를 받을 수 있습니다."
"생리휴가 사용 시 연,월차 발생 여부",근로기준법 제73조의 생리휴가는 법정휴가로 그 성질상 출근한 것으로 보아야 하므로 연차유급휴가 산정시 소정근로일수와 출근일수에 포함하여야 할 것입니다.
생리휴가를 수당으로 대체 지급 시 근로기준법 위반인가,"근로기준법 제73조에 규정한 생리휴가는 생리로 인하여 근로에 어려움을 겪는 여성근로자에게 월1일의 휴식을 보장하여 모성을 보호하기 위한 제도로서, 사용자가 강행적으로 준수하여야 할 의무사항으로 회사사정 등을 이유로 생리휴가를 부여하지 아니하거나, 일괄적으로 수당으로 대체 지급하는 등 근로자가 사실상 생리휴가를 사용하지 못하도록 하는 경우에는 동 법 위반이 됩니다.

다만, 단체협약·취업규칙·근로계약 등에 생리휴가에 대해 노사가 달리 약정한 바가 없다면, 생리휴가를 청구하여 사용하는 경우 사용자는 휴가사용일에 상당하는 임금(통상임금)을 공제할 수 있습니다."
자발적 실업자에게도 실업급여가 해당되는가,"현행법상 실업급여 수급자격은 고용보험 적용사업장에서 퇴직전 18개월 180일이상 근무하다가 비자발적 퇴직 또는 1년 이내 2개월 이상 임금체불, 질병으로 담당업무를 계속할 수 없는 사유 등 부득이한 사유로 직장을 그만둔 근로자가 근로의 의사와 능력을 가지고 적극적인 재취업활동을 하는 경우에 지급하고 있으며 자발적인 실직자에 대해서는 현재 지급되지 않습니다"
육아 휴직기간 중 일부를 산전에 사용할 수 있는가,"2021.11.19.부터 임신중인 여성 근로자도 남녀고용평등과 일, 가정 양립 지원에 관한 법률 제19조의 규정에 의하여 육아휴직을 사용할 수 있습니다."
출산휴가 중 근로자의 요청으로 업무 복귀가 가능한가,근로기준법 제74조에 규정된 출산전후휴가는 여성근로자의 모성을 보호하고 임신.출산등으로 인하여 소모된 체력을 회복하기 위하여 규정된 강행규정이므로 개별 근로자의 요구가 있다고 하여 90일 미만의 출산전후휴가를 부여하는 것은 법 위반에 해당됩니다.
고용보험자격취득.상실확인방법,"고용보험 가입 이력은 고용산재보험토탈서비스(total.comwel.or.kr)에서 확인할 수 있으며, 신고 내용이 사실과 다른 경우에는 사업장 관할 근로복지공단 지사에 피보험자격 확인청구서를 제출하시면 됩니다."
"동일가치노동, 동일임금 판단기준","동일가치노동 이란 노동수행에서 요구되는 ①기술, ②노력, ③책임, ④작업조
건, ⑤기타의 기준으로 볼 때 서로 비교되는 남녀간의 노동이 동일하거나, 거의 같
은 성질인 노동 또는 두 업무가 다소 다르더라도 직무평가 등의 방법에 의해 본질
적으로 동등한 가치가 인정되는 노동을 말하며, 동일가치노동 동일임금원칙의 서
로 비교되는 남녀간의 노동이 동일가치인가를 판단할때에는 위 4가지 기준외에 해
당 근로자의 학력, 경력, 근속년수 등을 종합적으로 고려하여야 하며 서로 비교되
는 남녀의 노동이 모두 하나의 사업장에서 이루어지는 경우에 한합니다.

다만, 비교되는 남녀근로자의 노동이 외형상 비슷하더라도 당해 근로자 사이에
학력,경력, 근속년수, 직급 등에 차이가 있고, 그것이 객관적 합리적인 기준으로
정립되어 있는 경우는 임금의 차별로 볼 수 없습니다.

- 기술 : 자격증, 학위, 습득된 경험 등 업무수행 능력또는 솜씨의 객관적 수준
- 노력 : 업무수행에 필요한 육체적, 정신적 힘의 작용
- 책임 : 업무에 내재된 임무의 성격, 범위, 사업주가 당해 직무에 의존하는 정도
- 작업조건 : 소음, 열, 물리적.화학적 위험의 정도 등 당해 업무에 종사하는 근로
자가 통상적으로 처하는 작업환경"
계약직 근로자의 산전후 휴가 가능한가,"근로기준법 제74조의 규정은 근로계약의 형태와 관계없이 근로기준법의 적용을 받
는 모든 근로자에게 적용되므로 계약직, 임시직, 시간제 여성근로자들에게도 산전후휴
가를 부여하여야 합니다.

다만, 단기 계약직 근로자로서 출산전후휴가 실시 중 계약기간이 만료되는 경우에는 출산전후휴가도 종료됩니다.(단, 기간제,파견근로자 출산전후휴가급여 등에 상당하는 금액 제도를 통해 잔여휴가에 대한 급여지원을 받을 수 있음)"
경영상 해고로 인한 퇴직 시 실업급여 지급여부,"상용근로자의 경우 실업급여를 받기 위해서는 퇴직 시 사업주에게 이직확인서를 요청하거나, 고용센터에서 사업주에게 이직확인서를 요구하여야 합니다.
사업주는 사업장 소재지 관할 고용복지플러스센터에 이직확인서를 제출하고, 퇴직자는 고용복지플러스센터에 방문하여 실업급여 수급자격 신청을 하여야 합니다.

실업을 신고한 날로부터 1주~4주 범위내에서 지정된 실업인정일에 출석하여 적극적인 재취업활동(면접, 이력서 제출 등의 구체적인 행위)으로 거주지 관할 고용센터에서 실업을 인정받으면 실업급여가 지급됩니다."
30일 미만 육아휴직 사용 시 육아휴직급여를 지급하는가,"고용보험법 제70조 규정에 의하여 육아휴직급여는 남녀고용평등과 일．가정양 립 지원에 관한 법률 제19조의 규정에 의한 육아휴직을 30일(근로기준법 제74조 의 규정에 의한 산전후휴가기간 90일과 중복되는 기간을 제외)이상 부여받은 피보 험자중에서 일정요건을 갖춘 자에게 지급하도록 규정하고 있으므로 30일 미만의 육 아휴직을 실시한 경우에는 육아휴직급여가 지급되지 아니합니다.

다만, 육아휴직급여 신청일 기준, 최근 12개월 이내에 사용한 육아휴직이 있다면 해당 기간을 합산하여 30일 이상인 경우에는 육아휴직급여를 지급받을 수 있습니다.

- 일정한 요건 :
1. 육아휴직개시일 이전에 고용보험피보험단위기간이 통산하여 180일 이상일 것.
2. 동일한 자녀에 대해서 피보험자인 배우자가 육아휴직을 부여받지 않고 있을 것.
3. 육아휴직개시일 이후 1월부터 종료일 이후 12월 이내에 신청 할 것"
생리휴가를 적치하여 사용할 수 있는가,"생리휴가는 여성근로자에 대해, 생리사실이 있는 날중 월 1일의 근로의무를 면제시켜주는 것으로써, 휴가의 성격상 여러달의 생리휴가를 적치하였다가 사용할 수 없음"
임산부의 5개월 근무 서약서 효력이 있는가,"남녀고용평등과 일, 가정양립 지원에 관한 법률 제11조의 규정에 의하여 사업주는
근로자의 정년·퇴직 및 해고에 있어서 남녀를 차별하여서는 아니되고, 근로여성의 혼
인, 임신 또는 출산을 퇴직사유로 예정하는 근로계약을 체결하여서는 아니 된다고 규
정하고 있으므로 임신 5개월까지만 근무한다는 서약서는 법 위반으로 무효가 되므로
효력이 없습니다.

따라서 회사측에서 계약직 전환을 모색함에 있어 합리적이고 공정한 기준을 마련하지
않고, 위 서약서 또는 단지 여성이라는 이유만으로 일반직을 퇴직하고 계약직으로 근
무하도록 하는 것은 법 위반이라고 할 수 있습니다."
산전후 휴가기간 중 급여,"근로기준법 제74조의 규정에 의하여 사업주는 임신중의 여성에 대하여 출산전후
를 통하여 90일간의 보호휴가를 주되, 이경우 반드시 산후에 45일 이상이 확보되도
록 하여야 하며 출산전후휴가중 최초60일분에 대하여는 사업주가 당해근로자의 통상
임금 전액을 지급하여야 합니다

- 이 규정은 사업주 또는 근로자의 동의하에 선택할 수 있는 사항이 아닌 강행규정
이므로 사업주는 반드시 이를 이행하여야 하고, 만약 위반하였을 경우에는 근로기
준법에 의하여 형사처벌을 받을 수 있습니다.
■ 통상임금이라 함은, 근로기준법시행령 제6조에 의해 정기적 일률적으로 소정근
로 또는 총근로에 대하여 지급하기로 정하여진 시간급금액, 일급금액, 월급금액 또
는 도급금액을 의미함
■ 출산전후 휴가기간 중 최초 60일분에 대하여는 사업주가 지급하고, 60일을 초과하는 30일분에 대하여는 고용보험에서 지급함. (단, 우선지원대상기업의 경우 출산전후휴가기간 90일분을 고용보험에서 지급. 다만, 이 경우에도 최초 60일의 통상임금과 고용보험 급여와의 차액분은 사업주가 지급해야 함 )"
임신중의 여성근로자 근로전환 배치 요구 시 그 시점은,"사용자가 근로기준법 제74조제3항에 의해 임신중인 여성근로자로 부터 요구 있는
경우 쉬운 종류의 근로로 전환하도록 규정되어 있으나, 몇일 이내에 전환시켜야 한다
는 규정은 별도로 없음

동 조항이 임산부 및 태아의 건강보호를 목적으로 하는 것임을 감안할 때 사용자는
근로자의 배치전환 청구가 있을 경우, 가능한 빠른 시간내에 쉬운 종류의 근로로 전환
시켜야 합니다."
모집과 채용에 있어 어떠한 경우가 남녀차별에 해당하는가,"모집과 채용에 있어서 남녀차별 해당 여부는 구체적인 사례에 따라 판단하여야 하
나 대체적으로 다음과 같은 경우는 차별에 해당한다고 판단됨

① 특정성(여성 또는 남성)에게는 전적으로 모집·채용의 기회를 주지 아니하는 경
우
② 직종별로 남녀를 분리 모집하거나 성별로 채용 예정인원을 배정함으로써 특정직
종에 특정성의 채용기회를 제한하는 경우
③ 특정성에 대하여만 배우자나 보호자의 취업동의서 또는 보증 등을 요구하는 경
우
④ 모집·채용에 있어 남성 또는 여성만을 가리키는 직종의 명칭을 사용하는 경우
(단, 여자 또는 남자를 배제하는 것이 아님이 분명한 경우는 제외)
⑤ 학력·경력 등 자격이 같음에도 불구하고 특정성을 다른성보다 낮은 계급 또는
직위에 모집·채용하는 경우
⑥ 남녀가 동일자격임에도 특정성을 불리한 고용형태로 채용하는 경우(예, 여성만
을 비정규직으로 채용)
⑦ 특정성의 채용기회를 제한할 목적으로 직무 수행상 반드시 필요하지 아니한 채
용조건을 부과한 경우
⑧ 면접·구술시험의 경우 객관적인 기준에 의하지 아니하고 특정성을 불리하게 대
우함으로써 특정성의 채용기회를 제한하는 경우
⑨ 기타 근로자의 모집 및 채용에 있어서 남녀에게 평등한 기회를 주지 아니한 것
으로 인정되는 경우"
조기 재취직 시 재취업 수당 지급 대상과 그 방법,"1. 조기재취업수당은 실업급여 수급자격을 인정받은 자가 고용보험법 제64조 및 같은법 시행령 제84조에 따라 실업의 신고일로부터 14일이 지난 후 소정급여일수를 1/2 이상 남기고 재취업한 경우로서 가. 12개월 이상 계속하여 고용된 경우이거나 이직일 당시 65세 이상인 사람으로서 6개월 이상 계속하여 고용될 것으로 직엄안정기관의 장이 인정하는 경우 나. 12개월 이상 계속하여 스스로 영리를 목적으로 사업을 영위한 경우이거나 이직일 당시 65세 이상인 사람으로서 6개월 이상 계속하여 사업을 영위할 것으로 직업안정기관의 장이 인정하는 경우
2. 조기재취업 수당청구서에 사업주확인서(직인필수)와 재직증명서(또는 근로계약서) 등을 첨부하여 최종수급지 관할 직업안정기관의 장에게 제출하면, 해당여부를 확인하여 구직급여일액에 미지급일수의 2분의 1을 곱한 금액을 지원합니다 ※ 첨부서류 - 사업에 고용된 경우: 근로계약서(재직증명서) - 자영업을 하는 경우: 사무실 임대계약서나 과세 증명자료(매출 전표등)
* 자세한 내용은 해당 관할 센터에 상담 필수"
출산전후 휴가 및 육아휴직 사용기간,"출산전후휴가 90일(다태아 120일)와 육아휴직 1년은 각각 별개로 사용할 수 있으며, 육아휴직은 출산후 휴가 45일(다태아 60일)이후부터 육아휴직대상 자녀범위가 만 8세 이하(만 9세가 되기 전) 또는 초등학교 2학년 이하(3학년 되기 전) 자녀는 1년 범위내에서 사용할 수 있습니다.(법령개정 2014.1.14.)"
실업급여 부정수급요건 및 제재내용,"고용보험법 제61조, 같은 법 시행령 제81조, 동업 시행규칙 제105조에 의거 거짓이나 그 밖의 부정한 방법으로 실업급여를 받았거나 받으려고 한 경우, 실업급여를 지급하지 아니합니다.

실업급여는 수급자격자가 실업한 상태에서 적극적으로 구직활동을 하는 경우에 지급합니다. 그러나 취업사실이나 근로소득을 허위신고 하거나 이직사유 및 임금 등을 허위 기재하는 등의 부정한 방법으로 실업급여를 받았거나 받으려고 하는 경우에는 부정수급이 됩니다.

부정수급을 한 경우에는 실업급여와 취업촉진수당을 지급하지 아니하고, 부정행위와 관련하여 받은 급여액(부정수급액)을 반환하여야 하며, 부정수급액에 해당되는 금액을 추가로 납부하여야 합니다.

거짓이나 그 밖에 부정한 방법이 사업주의 허위신고, 보고 또는 증명으로 인한 것인 때에는 그 사업주도 해당 실업급여를 받은 자와 연대하여 책임을 지게 됩니다.

* 부정수급과 관련하여 부정행위에 대한 조사를 착수하기 전에 자진신고를 하는 경우에는 추가징수를 면제 받을 수 있습니다."
질병으로 인하여 이직한 경우 실업급여 해당이 되는가,"질병으로 이직한 경우에는 질병으로 인해 부여된 업무를 수행하는 것이 불가능하거 나 곤란하게 되어 병가신청 등 이직회피 노력을 하였음에도 불구하고, 부득이하게 이직하였음이 객관적으로 인정(의사의 소견서 및 사업주 의견 등)되는 경우는 실업급여를 지급 받을 수 있습 니다.

다만 질병으로 인한 퇴사의 경우 바로 취업할 수 있는 상태가 없는 상태로 판단되는 경우수급기간 연기신청을 하여야 합니다"
실업급여 수급자가 자비로 학원 수강 시 구직활동으로 인정되는가,"실업급여 수급자의 구직희망 직종과 관련이 있으며 출결관리 및 교육시간 확인이 가능한 훈련과정이라고 직업안정기관의 장이 인정하는 경우 해당 실업인정기간(통상28일) 중 교육시간이 월 30시간 미만이면 구직활동 1회, 월 30시간 이상이면 구직활동 2회로 인정됩니다.
- 대학교 평생교육원에서 학위취득과정을 이수하는 경우는 불인정하고, 재취업에 필요한 자격증 취득과정을 수강할 경우에는 증빙서류(수강증명서, 출석부사본등) 확인을 통해 인정합니다."
임신이나 출산으로 이직 시 실업급여 지급해야하는가,"임신·출산으로 이직한 경우에는 휴직한 후 다시 복직하는 것이 일반적임으로 이는 자발적 이직으로 보아 실업급여 지급
대상에 해당되지 않으나, 휴직을 신청하였음에도 휴직대상에 해당되지 않거나 사업장에서 이를 허용하지 않는 등 불가피한
사정에
의해 어쩔 수 없이 이직하였음이 객관적으로 인정되면 실업급여를 지급 받을 수 있습니다. 다만 임신·출산으로 인해 휴직이 필요하여 바로 취업할 수 없는 상태로 판단 되는 경우 수급기간 연기신청을 하여야 합니다."
일용직 근로자도 고용보험을 적용해야하는가,"일용근로자란 1개월 미만 고용되는 사람을 말하며, 당연히 고용보험 적용 대상입니다. 따라서, 임금 계산이나 지급이 일 단위로 이루어진다 하더라도 근로계약기간이 1개월 이상인 경우에는 일용근로자가 아니라 상용근로자입니다.
일용근로자는 일한 일수에 대하여 사업주가 근로복지공단에 일용근로 확인 신고서를 제출하면 고용보험 취득 상실 신고를 한 것으로 갈음하고 있으며, 사업주가 신고하지 않을 경우 근로자가 근로복지공단에 피보험자격 확인청구를 할 수 있습니다."
종전 사업장의 근무기간을 고용보험 피보험기간에 합산하는가,고용보험법 제50조제4항에 따라 이전 사업장에서 피보험자격을 취득하였던 자가 그 사업장에서 이직한후 실업급여를 수급하지 아니하고 3년이내에 다른 사업장에서 피 보험자격을 다시 취득한 경우에는 이전 사업장에서의 고용보험피보험기간이 합산됨
교육비 환급 신청방법,"사업주가 고용노동부로부터 훈련비를 지원받지 위해서는 해당 훈련과정이 고용노동부장관으로부터 인정을 받아야 합니다. 사업주가 직접 실시할 경우에는 사업주가 인정을 받아야 하며, 전문훈련기관에 위탁하여 실시할 경우에는 훈련기관에서 인정을 받아야 합니다. 훈련과정을 모두 수료한 이후 훈련비 부담에 관한 증빙서류와 함께 지원금 신청서를 관할 산업인력공단에 제출하시면 됩니다. 신청서 및 교육과정에 대한 안내는 인터넷 www.hrd.go.kr로 확인하시면 됩니다."
사업주 직업능력 개발훈련 시 지원,"사업주가 소속근로자, 채용예정자, 구직자 등의 직무능력향상을 위하여 직업훈련을 실시한 경우, 이에 소용되는 비용의 일부를 지원하고 있습니다.
지원절차는 아래와 같습니다.

훈련과정인정신청→훈련실시신고 및 훈련실시→훈련수료보고(훈련종료일부터 14일 이내)→비용신청(훈련수료 후 30일 이내)

제출서류는 비용지원신청서, 수료자명부, 비용증빙서류 등입니다.
기타 자세한 사항은 사업장관할 한국산업인력공단 지역본부·지사에 문의하시기 바랍니다."
비정규직 근로자도 고용보험 가입 대상인가,"근로자는 고용보험법 제10조 및 같은 법 시행령 제3조에 규정한 적용제외 근로자가 아닌 경우에는 그 고용형태와 관련없이 고용보험 적용 대상입니다. 따라서, 임시직, 계약직, 일용직, 시간제, 파견근로자, 촉탁직, 인턴 사원 등 명칭 여하를 불문하고 고용보험 가입 대상이 될 수 있습니다."
지정된 실업 인정일에 꼭 출석해야하는가,"실업급여는 원칙적으로 1주~4주의 범위내에서 정해진 실업인정일에 고용센터
에 출석하여 실업상태에서 적극적인 재취업활동을 한 사실을 신고하여「실업인정」을
받은 경우에만 지급됩니다.

그러나 취업 또는 구인자와의 면접이나 부득이 한 사유로 출석할 수 없을 때에는
실업인정일의 전일까지 변경을 신청하거나 그 해당 사유가 없어진 날부터 14일 이내
에 출석하여 「실업인정일 」을 변경하여 실업인정을 받을 수 있습니다. 기타 자세한
문의는 관할 고용센터로 문의하시기 바랍니다."
고용유지조치 시행 전 해고 예고한 경우 지원금 신청이 가능한가,"고용보험법 시행령 제19조제1항에 따라 고용유지조치기간 및 이후 1개월동안 고용조정으로 피보험자를 이직시키지 않은 경우에 지원금 지급이 가능함. 고용유지조치 시행 전에 해고예고한 경우 퇴직일이 사전에 확정된 것이므로 비록 해고일이 고용유지조치기간에 포함된다 하더라도 고용유지조치기간에 이직한 경우라고 보기는 어려움. 다만, 해고예고된 자는 고용보험법 시행령 제19조제1항에 따라 지원 대상 근로자에서 제외되므로 해고예고된 자는 제외하고 지원금 신청이 가능함"
훈련교사 자격기준 및 자격증취득 신청절차,"직업능력개발훈련교사 자격기준은 국민평생직업능력개발법 시행령 제28조제2항 및 별표2와 같은 법 시행규칙 제15조 및 고용노동부 고시 제2023-13호를 참고하시기 바랍니다.
※ 고용노동부 홈페이지(www.moel.go.kr/정보공개/법령정보/훈령·예규·고시)에 들어가서 직업능력개발훈련교사 자격기준 검색

직업능력개발훈련교사 자격증을 발급받고자 하는 사람은 직업능력개발훈련교사 자격증 발급신청서에 ①주민등록초본(주민등록증, 자동차운전면허증, 여권, 국민건강보험증 등) ②최종학교 졸업증명서(해당자에 한함) ③경력증명서(해당자에 한함) ④자격증 사본(해당자에 한함) ⑤각 훈련과정의 이수증 사본(해당자에 한함) ⑥최근 6월이내 쵤영한 증명판 사진(2.5cm×3cm) ⑦수입인지 등을 첨부하여 가까운 고용센터에 방문 제출하시거나, 인터넷 신청(www.hrd.go.kr)가능하며 이 경우 수수료는 없습니다.
※ 국민평생직업능력개발법 시행규칙 제16조 참조"
신용불량자 실업급여 수급방법,"실업급여는 수급자격자의 본인계좌로 지급받아야 하므로 계좌가 압류된 경우는 지급이 되더라도 출금이 되지 않음.

이에 신용불량 등으로 계좌가 압류된 경우라도 우리은행 또는 농협은행(단위농협 포함)에서 ‘실업급여 지킴이 통장’을발급받은 경우 실업급여 지급액이 압류되지 않고 안심하고 찾으실 수 있음."
산재보험료 소급여부,"산재보험은 업무상 재해를 당한 근로자를 효과적으로 보호하고 사업주간 공동
위험부담의 원리하에 과중한 보상비용을 분산시켜 원활한 사업운영이 가능하도록
돕는데 취지를 둔 사회보험입니다.

산재보험 가입여부를 사업주의 자의에 맡길 경우 많은 사업주가 산재보험 가입
을 회피하여 산재보험이 소기의 목적을 달성하기 어렵게 되므로 산재보험법에서는
일정한 요건에 해당하는 경우 사업주의 의사에 불구하고 그 시점부터 당연히 산재
보험관계가 성립합니다.

「고용보험 및 산업재해보상보험의 보험료징수 등에 관한 법률」제41조 제1항에
서는 보 험료를 징수할 권리는 3년간 행사하지 아니하면 시효로 인하여 소멸하는
것으로 규정하고 있으며, 같은법 제43조에서는 확정보험료의 소멸시효는 다음 보험
연도의 첫날부터 진행하는 것으로 규정하고 있습니다.

위의 소멸시효제도는 근로복지공단에서 보험료징수법에 따른 보험료 기타 징수
금을 징수할 수 있는 기간을 정한 것으로서, 만일 보험료 납부의무가 발생한 연도
의 다음 보험연도의 첫 날부터 3년이 경과한 상태일 경우에는 소멸시효의 완성으
로 보험료를 징수할 수 없음을 알려드립니다."
고용유지 지원금 중 휴직지원의 기산점은?,"고용유지조치중 휴직의 경우에는 1개월이상 휴직을 부여하도록 되어 있는 바, 고용유
지지원금은 신고된 계획에 따라 실시한 고용유지조치에 대해서만 지원하므로 1개월 산
정의 기준시점은 고용유지조치계획서 제출일 이후 실제 부여한 휴직일부터 기산함."
직업능력개발 훈련시설 지정을 받고자 하는데 방법은?,"직업능력개발훈련시설의 지정을 받고자 하는 경우에는 국민평생 직업능력 개발법
제28조 및 동법 시행령 제24조에서 규정하고 있는 인력,시설, 장비 등 요건을 갖추
었음을 증명하는 서류를 첨부하여 당해 훈련시설의 소재지를 관할하는 지방고용노동관
서(고용센터)의 장에게 제출하여야 합니다.(구비서류는 지방고용노동관서 담당자
의 안내를 받으시기 바랍니다)

지정직업훈련시설은 훈련기관으로서 훈련환경 및 보건위생상 적합한 장소에 설립
되어야 하고 시설의 연면적이 180제곱미터 이상, 주된 강의실 또는 실습실이 60제
곱미터 이상이어야 하며 시설을 임차시에는 임차기간이 1년 이상이어야 합니다."
고용 유지 조치 시 반드시 피보험자를 대상으로 하는가,"고용보험 가입사업장은 고용안정사업의 각종 지원금, 장려금을 지급받을 수 있으며 고
용보험법시행령 제21조 규정에 의하여 당해 사업장에서 고용하는 피보험자에 대하여
고용유지 조치를 취하는 경우 지원토록 하였으므로 피보험자가 아닌자에 대한 고용유
지조치는 지원금 지급대상이 아닙니다."
대표이사의 고용보험 적용 여부,"고용보험 피보험자가 될 수 있는 자는 근로기준법상 근로자이어야 합니다. 따라서 당해사업에 고용된 근로자에 한하여 고용보험 피보험자 자격 취득이 가능한 바, 법인의 대표이사는 근로기준법상 근로자에 해당하지 아니하므로 고용보험 취득대상이 아니며, 실업급여 지급 대상자가 될 수 없습니다."
고용유지조치 계획 시 노동조합과의 협의에 대한 해석,"휴업, 근로시간단축, 휴직 등 고용유지 조치는 근로조건의 변화를 가져다 주는 것이므로 반드시 근로자 대표와 협의하도록 하고 있음

근로자 대표의 협의시에는 반드시 합의에 이를 필요는 없으나, 정상적인 협의 절차(취업규칙 작성시 노동조합 또는 근로자의 의견을 청취하는 방법에 준함)가 아닌 일방적인 계획통보 및 사전통보의 경우에는 협의를 하였다고 인정할 수 없음"
종교인도 고용보험에 가입하여야 하는가,"고용보험은 당연적용 사업장에 종사하는 모든 근로자에 대하여 적용하고 있으며 여기서 근로자란 근로기준법상의 근로자를 의미합니다.  근로기준법상의 근로자란 ""직업의 종류에 관계없이 사업 또는 사업장에서 임금을 목적으로 근로를 제공하는 자""로서 목사, 신부, 수녀 등과 같이 순수종교인이 종교활동을 목적으로 종사하는 경우에는 근로기준법상 근로자라고 보기 어려우므로 고용보험법 적용이 되지 않습니다."
국가기간 전략사업의 훈련직종,"국가기간·전략산업직종훈련은 국가경제의 기간이 되는 산업, 정보통신산업, 자동차산업 등 국가전략산업 및 그밖에 산업현장의 인력수요 증대에 따라 인력양성이 필요한 직종에 대해 실시하는 훈련을 말합니다.

-훈련직종은 '24년의 경우, 기계분야(18), 건설(11), 전기·전자(12), 정보통신(13), 재료(3), 화학？바이오(2), 문화·예술·디자인·방송(5), 환경·에너지·안전(9), 이용·숙박·여행·오락？스포츠(1), 인쇄·목재·가구·공예(4), 경영·회계·사무(3), 농림·수산(2), 섬유·의복(2), 교육·자연·사회과학(1) 분야로 총 86개 직종이 있습니다.

*구체적 훈련직종에 대해서는 정보공개-법령정보-훈령·예규·고시-국민내일배움카드 운영규정(고용노동부고시 제2023-52호)-국가기간·전략산업직종(별표1)에서 확인하실 수 있습니다."
퇴직금 및 평균임금 산정 공식,"1. 근로자퇴직급여보장법 제8조제1항의 규정에 의거 사용자는 계속근로기간 1년에 대하여 30일분 이상의 평균임금을 퇴직금으로 퇴직하는 근로자에게 지급할 수 있는 제도를 설정하여야 하며, 이때 계속근로년수라 함은 근로계약을 체결하여 고용된 날부터 퇴직할 때까지의 전체 기간을 말합니다.
2. 퇴직금 산정의 기준이 되는 평균임금은 근로기준법 제2조의 규정에 따라 이를 산정하여야 할 사유가 발생한 날 이전 3개월 동안에 그 근로자에 대하여 지급된 임금총액을 그 기간의 총일수로 나눈 금액을 말하며, 이러한 방법으로 산출된 평균임금액이 그 근로자의 통상임금보다 적으면 그 통상임금액을 평균임금으로 하여야 합니다.
※ 평균임금
= [산정사유발생일 이전 3개월간의 임금총액] / [위 3개월간의 역일수(총 날짜수)]
※ 퇴직금 = 평균임금 × 30일분 × 계속근로일수 / 365]"
법정 근로시간,"상시근로자 5인 이상인 사업장의 경우, 근로기준법 제50조에서 1주간의 근로시간은 휴게시간을 제외하고 40시간을 초과할 수 없고, 1일의 근로시간은 휴게시간을 제외하고 8시간을 초과할 수 없다고 규정하고 있습니다.
그리고, 동법 제53조에서, 당사자간에 합의하면 1주간에 12시간을 한도로 근로시간을 연장할 수 있습니다.

동법 제54조에서, 사용자는 근로시간이 4시간인 경우에는 30분 이상, 8시간인 경우에는 1시간 이상의 휴게시간을 근로시간 도중에 주어야 한다고 규정하고 있으며, 휴게시간은 근로자가 자유롭게 이용할 수 있습니다."
부당해고 구제절차,"근로기준법 제23조제1항에서 사용자는 근로자에게 정당한 이유없이 해고, 휴직, 정직, 전직, 감봉, 그 밖의 징벌을 하지 못한다고 규정하고 있습니다.

그리고, 동법 제28조에서 사용자가 근로자에게 부당해고등을 하면 근로자는 부당해고등이 있었던 날부터 3개월 이내에 노동위원회에 부당해고등의구제신청을 할 수 있습니다.

단, 상기 규정은 상시근로자 5인 이상인 사업장에 적용되며, 노동위원회에 대한 부당해고등 구제신청과 별도로 민사소송인 해"
연차유급휴가 부여방법,"근로기준법 제60조에 따른 연차유급휴가는 일 단위로 부여하는 것이 원칙이라 할 것이나, 노사 당사자간의 합의로 정한 바에 따라 시간 단위 또는 반일 단위로 부여하더라도 근로기준법에 위반된다고 보기는 어려울 것으로 사료됩니다."
해고예고수당 적용여부,"근로기준법 제26조에서 사용자는 근로자를 해고(경영상 해고를 포함)하려면 적어도 30일 전에 예고를 하여야 하고, 30일 전에 예고를 하지 아니하였을 때에는 30일분 이상의 통상임금을 지급하여야 합니다.

다만, 근로자가 계속 근로한 기간이 3개월 미만인 경우, 천재·사변, 그 밖의 부득이한 사유로 사업을 계속하는 것이 불가능한 경우, 근로자가 고의로 사업에 막대한 지장을 초래하거나 재산상 손해를 끼친 경우로서 고용노동부령으로 정하는 사유에 해당하는 경우에는 그러하지 않습니다.

따라서, 사용자가 30일 전에 예고 없이 해고한 경우에는 해고예고수당을 지급하여야 하며, 미지급 시에는 사업장 소재지 관할 지방고용노동관서에 진정 등 신고를 통해 권리구제를 받으시기 바랍니다."
진정·고소 제기 이후에도 체불임금을 지급받지 못한 경우 권리구제 절차,"우선, 퇴직 근로자는 퇴직일까지 6개월 이상 가동한 사업장에서 임금 등을 지급받지 못하고 ①퇴직 다음날부터 2년 이내 소송을 제기하여 확정판결을 받거나, ②퇴직 다음날부터 1년 이내 진정 등을 제기하여 지방노동관서로부터 체불확인서를 발급받아 확정판결일로부터 1년 이내에(체불확인서의 경우 최초 발급일로부터 6개월 이내) 판결문(또는 체불확인서) 등을 첨부하여 근로복지공단에 간이대지급금 지급을 청구하면 최종 3개월분 임금(또는 휴업수당, 출산전후휴가기간 중 급여) 및 최종 3년간의 퇴직급여 중 체불액을 최대 1,000만원까지 지급받을 수 있습니다.

재직 근로자(소송, 진정 등 제기 당시 근로계약을 유지(일용근로자 제외), 3개월간 통상시급이 최저임금 110% 미만)의 경우에는 소송 또는 진정 등 제기일 이전 마지막 체불 발생일까지 6개월 이상 가동한 사업장에서 임금 등을 지급받지 못하고 ①마지막 체불일의 다음 날부터 2년 이내 소송을 제기하여 확정판결을 받거나, ②마지막 체불일의 다음 날부터 1년 이내 진정 등을 제기하여 체불확인서를 발급받아 확정판결일로부터 1년 이내(체불확인서의 경우 최초 발급일부터 6개월 이내) 판결문(또는 체불확인서) 등을 첨부하여 근로복지공단에 간이대지급금 지급을 청구하면 최종 3개월분 임금(또는 휴업수당, 출산전후휴가기간 중 급여) 중 체불액을 최대 700만원까지 지급받을 수 있습니다."
재직 근로자의 임금체불 구제절차,"근로기준법 제43조에 따라, 임금은 매월 1회 이상 일정한 날짜를 정하여 통화로 직접 근로자에게 그 전액을 지급하여야 합니다. 사용자가 재직 근로자에게 임금을 지급치 아니한 경우에는 사업장 관할 지방고용노동관서에 진정 등 신고를 통하여 권리구제를 받으시기 바랍니다.

또한, 임금을 지급받지 못한 근로자가 사업주를 상대로 민사소송 절차를 통해 임금채권을 확보할 수 있도록 대한법률구조공단에서는 무료법률구조지원사업을 실시하고 있으며, 이 경우 임금체불 신고사건을 담당한 근로감독관으로부터 체불임금등사업주확인서를 발급받아 대한법률구조공단(지사)을 방문하시면 동 공단 변호사로부터 무료로 민사소송을 지원받을 수 있습니다(상담전화 : 국번없이 132번)

다만, 현행 기준상 지원대상은 임금 및 퇴직금 체불 당시 최종 3월분의 월평균 임금이 400만원 미만인 자로 제한하고 있습니다.

참고로, 근로복지공단에서는 사업주의 임금체불로 인해 일시적인 생계곤란을 겪고 있는 가동 중인 임금체불사업장(휴업포함)의 재직 근로자에게 1,000만원 한도내에서 생계비를 융자하고 있으니, 궁금하신 사항은 1588-0075로 문의하시기 바랍니다."
퇴직금 중간정산 후 1년 미만 기간에 대한 퇴직금 지급여부,"근로자퇴직급여보장법 제8조제1항에 따라, 사용자는 계속근로년수 1년에 대하여 30일분이상의 평균임금을 퇴직금으로서 퇴직하는 근로자에게 지급할 수 있는 제도를 설정하여야 하며, 이때 계속근로년수라 함은 근로계약을 체결하여 고용된 날부터 해지될 때까지의 기간을 말합니다.

동법 제8조 및 동법 시행령 제3조에 따라 퇴직금 중간정산을 실시하여 중간정산 이후의 계속근로기간이 1년 미만이라 하더라도, 사용자는 동기간에 대한 퇴직금을 산정하여 근로자의 퇴직일로부터 14일 이내에 지급하여야 합니다."
임금 및 퇴직금 소멸시효 기산일,"임금의 경우

사용자는 근로자가 사망 또는 퇴직한 경우에는 「근로기준법」 제36조의 규정에 따라 그 지급사유가 발생한 때부터 14일 이내에 임금, 보상금, 그 밖에 일체의 금품을 지급하여야 하며, 특별한 사정이 있을 경우에는 당사자 사이의 합의에 의하여 기일을 연장할 수 있습니다.

임금채권의 소멸시효는 임금 정기지급일이 기산일이 되며, 같은 법 제49조에 의하여 3년간 행사하지 않으면 시효로 인하여 소멸합니다.


퇴직금의 경우

사용자는 근로자가 퇴직한 경우에는 「근로자퇴직급여 보장법」 제9조의 규정에 따라그 지급사유가 발생한 날부터 14일이내에 퇴직금을 지급하여야 하며, 특별한 사정이 있는 경우에는 당사자 간의 합의에 의하여 지급기일을 연장할 수 있습니다.

퇴직금채권의 소멸시효는 퇴직한 날의 다음날(퇴직의 효력이 발생한 날)부터 기산되며, 같은 법 제10조의 규정에 의하여 3년간 행사하지 아니하는 때에는 시효로 인하여 소멸합니다."
상여금 지급기준,"상여금에 대하여는 근로기준법에 별도로 정한바가 없으므로, 귀하가 상여금을 지급받을 수 있는 지에 대하여는 당해 회사의 단체협약, 취업규칙, 관행 등을 종합적으로 검토하여 판단하여야 할 것임."
"식대, 교통비의 평균임금 포함 여부","평균임금이란 이를 산정하여야 할 사유가 발생한 날 이전 3개월 동안에 그 근로자에게 지급된 임금의 총액을 그 기간의 총일수로 나눈 금액을 의미합니다(「근로기준법」 제2조 제1항 제6호).

-평균임금 산정의 기초가 되는 임금총액에는 사용자가 근로의 대상으로 근로자에게 지급하는 일체의 금품으로서, 근로자에게 계속적·정기적으로 지급되고 그 지급에 관하여 단체협약, 취업규칙 등에 의하여 사용자에게 지급의무가 지워져 있으면, 그 명칭 여하를 불문하고 모두 포함됩니다.
소정근로시간에 근무한 근로자에 대하여 식비 교통비를 계속적·정기적으로 지급하기로 취업규칙이나 단체협약 등으로 정하였다면 달리 볼 사정이 없는 한 근로에 대한 대가인 임금에 해당될 것으로 사료됩니다.

-또한, 해당 식비 교통비를 소정근로를 제공한 모든 근로자에게 실제 근무일수에 따라 정기적으로 지급한다면 통상임금에도 해당될 것입니다."
"수습, 실습기간이 퇴직금 계산 기간에 포함되는가","실습생의 지위에 있을지라도 회사와 실습생 사이에 맺어진 채용내용, 작업의 성질과 내용 및 보수의 유무 등을 종합적으로 고려하여 그 근로관계가 사용종속성이 인정되는 경우에는 근로기준법의 규정에 의한 근로자에 해당되어 동기간도 계속 근로년수에 포함됩니다.
또한, 정식채용 후에 근로자의 직업능력의 양성·교육 및 직무 오리엔테이션을 목적으로 설정되는 기간인 수습기간도 계속 근로년수에 포함됩니다."
퇴직월의 임금에 대한 평균임금 산정방법,"실습생의 지위에 있을지라도 회사와 실습생 사이에 맺어진 채용내용, 작업의 성질과 내용 및 보수의 유무 등을 종합적으로 고려하여 그 근로관계가 사용종속성이 인정되는 경우에는 근로기준법의 규정에 의한 근로자에 해당되어 동기간도 계속 근로년수에 포함됩니다. - 또한 정식채용 후에 근로자의 직업능력의 양성·교육 및 직무 오리엔테이션을 목적으로 설정되는 기간인 수습기간도 계속 근로년수에 포함됩니다."
근로계약 반복체결 시 계속근로 인정여부,"퇴직금제도는 근로계약의 형태 및 고용계약기간의 반복여부와 상관없이 계속 근로년수가 1년 이상이 되는 경우 계속 근로년수 1년에 대하여 30일분 이상의 평균임금을 퇴직금으로 지급하여야 하며, 다만 4주간을 평균하여 1주간의 소정근로시간이 15시간 미만인 근로자에 대해서는 퇴직금이 발생되지 않습니다."
진정서 처리기간,"근로감독관집무규정에 의거 진정은 접수한 날로부터 25일이나, 부득이한 사유가 있을 경우 상기 처리기간의 범위내에서 1회에 한하여 연장가능

고소 ·고발·범죄인지사건은 접수 또는 범죄인지일로부터 2월임"
퇴직금 중간정산 기준,"○ 「근로자퇴직급여 보장법」은 원칙적으로 퇴직금 중간정산을 금지하고 있으며, 동법 시행령 제3조(퇴직금의 중간정산 사유)에 해당되는 경우에 한해서만 가능하도록 규정하고 있습니다.

※ 근로자퇴직급여 보장법 시행령 제3조(퇴직금의 중간정산 사유)
1. 무주택자인 근로자가 본인 명의로 주택을 구입하는 경우
2. 무주택자인 근로자가 주거를 목적으로 「민법」 제303조에 따른 전세금 또는 「주택임대차보호법」 제3조의2에 따른 보증금을 부담하는 경우. 이 경우 근로자가 하나의 사업 또는 사업장(이하 ""사업""이라 한다)에 근로하는 동안 1회로 한정한다.
3. 근로자, 근로자의 배우자 또는 「소득세법」 제50조제1항에 따른 근로자 또는 근로자의 배우자와 생계를 같이하는 부양가족이 질병 또는 부상으로 6개월 이상 요양을 하는 경우
4. 퇴직금 중간정산을 신청하는 날부터 역산하여 5년 이내에 근로자가 「채무자 회생 및 파산에 관한 법률」에 따라 파산선고를 받은 경우
5. 퇴직금 중간정산을 신청하는 날부터 역산하여 5년 이내에 근로자가 「채무자 회생 및 파산에 관한 법률」에 따라 개인회생절차개시 결정을 받은 경우
6. 「고용보험법 시행령」 제28조제1항제1호부터 제3호까지의 규정에 따른 임금피크제를 실시하여 임금이 줄어드는 경우
7. 그 밖에 천재지변 등으로 피해를 입는 등 고용노동부장관이 정하여 고시하는 사유와 요건에 해당하는 경우

- 위의 시행령 제3조제1항 각호의 명시된 사항에 대해서만 중간정산이 가능하며, 실시횟수나 단위기간에 대한 구체적인 시행기준은 관련 규정에 의거 당사자 또는 노사간 합의하에 별도 마련하여 시행하는 것이 바람직함을 알려드립니다."
상여금의 통상임금 포함 여부,"어떠한 임금이 통상임금에 속하는지 여부는 그 임금이 소정근로의 대가로서 근로자에게 지급되는 금품으로서 정기적·일률적·고정적으로 지급되는 것인지를 기준으로 개관적인 성질에 따라 판단하여야 합니다.
- 정기상여금이 매월 지급되지 않고 1개월을 초과하는 기간( 2 개월, 3 개월, 6개월, 1 년 등 ) 으로 지급되더라도 정기적으로 지급되면 정기성을 갖춘 것이므로 통상임금이 될 수 있을 것입니다."
근로계약서 작성요령,"근로계약서에는 임금의 구성항목, 지급방법, 계산방법과 소정근로시간, 휴일, 휴가 등 주요 근로조건은 반드시 명시해야 하며, 작성에 어려움이 있는 경우 고용노동부에서 제공하는 ""표준근로계약서""를 활용할 수 있음(고용노동부 누리집 게재)"
연·월차 유급휴가미사용수당 청구권의 기산일 및 시효,"근로기준법제60조에 의거 '사용자는 1년간 80펴센트 이상 출근한 근로자에게 15일의 유급휴가를 부여하여야 하며, 계속하여 근로한 기간이 1년미만 근로자 또는 1년간 80퍼센트 미만 출근한 근로자에게 1개월 개근 시 1일의 유급휴가를 주어야 함. 또한, 사용자는 3년 이상 계속하여 근로한 근로자에는 최초 1년을 초과하는 계속 근로년수 매2년에 대하여 1일을 가산한 유급휴가를 주어야 하며 그 한도는 25일임'

근로기준법60조에 의해 발생한 연차유급휴가를 1년간 사용하지 않은 근로자의 경우 연차유급휴가미사용수당 청구권은 연차유급휴가사용청구권이 소멸된 다음날에 발생하며, 연차유급휴가미사용수당 청구권의 소멸시효는 연차유급휴가사용청구권이 소멸한 다음날로부터 3년임"
퇴직의 효력발생일,"퇴직에 관해서는 근로기준법에서 별도로 규정하고 있지 않으므로 민법이 적용되고, 기간의 약정이 없는 경우 근로자는 자유로이 근로계약을 해지할 수 있는 것이나
그 해지의 효력발생일은 사용자의 승낙이 있어야 발생하므로 근로자가 해지(퇴직)의 의사표시를 행한 경우 사용자가 이를 수리한 날이 됨.

다만 당사자 간에 계약종료시기에 관한 특약(단체협약, 취업규칙, 근로계약 등)이 있다면 그 시기에 계약해지의 효력이 발생할 것임."
사업장 부도발생시 해고예고수당 적용여부,"천재사변에 준하는 정도의 돌발적이고 불가항력적인 경우로 예측이 불가능한 사업장 부도로 인한 폐업의 경우에는 근로기준법 제26조제2호 사유(천재·사변, 그 밖의 부득이한 사유로 사업을 계속하는 것이 불가능한 경우)에 해당되어 해고예고수당 지급의무는 없다 할 것임."
병가 기간에도 임금을 받을 수 있는가,"1. 근로기준법 제2조제5호의 규정에 의거 임금이라 함은 사용자가 「근로의 대상」으
로 근로자에게 임금, 봉급, 기타 어떠한 명칭으로든지 지급하는 일체의 금품을 말합
니다.

- 즉, 임금은 사용자로부터 노무제공에 따른 반대급부로 지급 받는 것입니다

2. 따라서 근로자의 개인적인 사유에 의하여 휴직한 기간(병가기간)에 대하여는 근로
의 제공이 없었던 것이므로 사용자의 임금지급의무는 발생되지 아니 합니다.

- 다만, 노사관계자간에 단체협약, 취업규칙 등으로 근로를 제공하지 아니한 병가기
간에 대하여도 임금상당액의 금품을 지급하기로 정하였다면 그에 따라야 할 것입니다"
보상휴가제도,"사용자가 근로자 대표와의 서면합의에 의하여 연장·야간 및 휴일근로에 대하여 지급되는 임금에 갈음하여 휴가를 부여할 수 있도록 한 제도로서, 이는 근로자와 사용자의 임금과 휴가에 대한 선택의 폭을 확대하기 위한 것임."
공무상 질병시 평균임금 산정방법,"업무상 재해가 발생되어 요양기간 종료 후 업무에 복귀함이 없이 바로 퇴직의
효력이 발생된 경우에는 근로기준법 시행령 제5조의 제1항 내지 제3항의 규정에 의거 업무상 부상을 당하거나 질병에 걸린 근로자의 평균임금을 조정하도록 하고 있으며, 같은법 시행령 제5조제4항의 규정에 의거 퇴직금을 산정함에 있어서 적용할 평균임금은 위와 같이 조정된 평균임금으로 하여야 합니다. 또한, 이러한 평균임금과 퇴직시점의 통상임금을 비교하여 높은 금액을 평균임금으로 하여야 할 것으로 사료됩니다."
유급휴가 대체절차,근로기준법 제62조에 의하면 사용자는 근로자대표와 서면합의에 의하여 제60조의 규정 에 의한 연차유급휴가일에 갈음하여 특정근로 일에 근로자를 휴무시킬 수 있다 고 규정하고 있으므로 근로자대표와의 서면합의가 필요함
임시직 근로자의 퇴직금 적용여부,"퇴직금 제도는 4대보험가입여부, 근로계약서 체결여부와 관련 없이 임시직이라 하더라도 4주간 평균하여 1주간 소정근로시간이 15시간 이상이고, 계속근로기간이 1년 이상이면 30일분이상의 평균임금을 퇴직금을 지급받을 수 있습니다.(단, 2010.12.1.이전은 상시 근로자수 5인이상 사업장에 한함, 2010.12.1.이후부터는 상시 근로자수 1명 이상 사업장도 적용됨)"
근로자파견 가능업무 및 대상업무 외 파견이 불가능한가,"상시근로자파견이 가능한 업무는 전문지식·기술 또는 경험을 필요로 하는 32개 업무로서 최장 2년까지 파견할 수 있습니다.

다만, 32개 업무와 파견금지 대상업무(건설공사 현장에서의 업무, 항만·철도 등의 하역업무, 선원업무, 유해·위험업무 등)를 제외한 일시적, 간헐적인 업무 등을 최장 6월까지 파견이 가능합니다."
탄력적 근로시간제 충족요건,"2주단위 탄력적근로시간제가 적법, 유효하기 위해서는 다음 사항을 모두 충족하여
야 함.

- 2주간 이내의 일정한 단위기간을 평균하여 1주간의 근로시간이 40시간을 초과하지 않는 범위에서 특정한 주에 40시간의 근로시간을, 특정한 날에 8시간의 근로시간을 초과하여 근로하게 할 수 있으나, 특정주의 근로시간의 합계가 48시간을 넘지 않아야 합니다.

- 근로자대표와의 합의에 따라 대상 근로자의 범위, 단위기간(3개월 이내의 일정한 기간), 단위기간의 근로일과 그 근로일별 근로시간 그리고 유효기간을 정하여 서면으로 명시해야 합니다.

- 다만, 15세 이상 18세 미만의 근로자와 임신 중인 여성 근로자에 대하여는 적용하지 않고, 기존의 임금 수준이 낮아지지 아니하도록 임금보전방안을 강구하여야 합니다."
휴직기간의 평균임금 산정방법,"근로기준법 제2조제1항제5호에 규정에 의거 “임금”이라 함은 사용자가 근로의
대상으로 근로자에게 임금, 봉급, 기타 어떠한 명칭으로든지 지급하는 일체의 금품
을 말하고, 같은법 제2조제1항제6호의 규정에 의거 평균임금은 이를 산정하여야 할
사유가 발생한 날 이전 3월간에 그 근로자에 대하여 지급된 임금총액을 그 기간의
총일수로 나눈금액을 말합니다.

※평균임금(일급)
= [산정사유발생일이전 3월간의 임금총액] / [위 3개월간의 역일수(총 날짜수)]

- 이와 같이 산출된 평균임금이 당해 근로자의 통상임금보다 저액일 경우에는 그 통
상임금액을 평균임금으로 하도록 하고 있습니다."
산재근로자 해고가능 여부,"근로자가 업무상 부상 또는 질병의 요양을 위하여 요양중에 있는 때에는 사용자는 당해 근로자를 해고하지 못함. 다만 사용자가 근로기준법 제84조에 규정된 일시보상을 하였을 경우 또는 사업을 계속할 수 없게 된 경우에는 그러하지 아니함.
* 산업재해보상보험법 제80제4항에 따라, 요양급여를 받는 근로자가 요양을 시작한 후 3년이 지난 날 이후에 상병보상연금을 지급받고 있으면, 근로기준법 제23조제2항 단서 적용 시 그 사용자는 그 3년이 지난 날 이후에는 같은 법 제84조에 따른 일시보상을 지급한 것으로 봄."
여성근로자의 시간외 근로 제한,"2001. 11. 1 시행된 개정근로기준법에서는 여성의 시간외근로제한을 완화하여 임산
부를 제외한 여성근로자는 남성과 같이 1주일에 12시간이내에서 시간외근로를 할 수
있음.

다만 산후1년이 경과하지 않은 여성근로자의 시간외근로는 1일에 2시간, 1주일에 6
시간, 1년에 150시간이내에만 허용되고, 임신중인 여성근로자의 시간외근로는 원칙적
으로 금지됩니다."
해외근무수당의 평균임금 포함여부,"임금이란 사용자가 근로의 대가로 근로자에게 임금, 봉급,
그밖에 어떠한 명칭으로든지 지급하는 모든 금품을 말합니다.
질문상의 해외근무수당이 근로자가 해외근무라는 특수한 근무환경에서 직무를 수행하게 됨에 따라 추가로 소요되는 비용을 변상하기 위하여 지급하는 실비 변상적인 금품이라면 평균임금산정 기초가 되는 「근로기준법」상 임금으로 보기는 어려울 것으로 사료됩니다."
퇴직자의 임금인상 소급적용 여부,"임금교섭결과 타결된 임금인상율은 재직중인 근로자에 대하여만 효력이 있음.

따라서 임금협약 등에 특약이 없는 한 임금교섭 타결 이전에 퇴직한 근로자에게는
인상된 임금이 적용되지 아니함."
근무시간 중 노조활동 가능 범위,"「노동조합 및 노동관계조정법」에서는 정당한 노동조합의 활동에 대해 명시적인 규정을 두고 있지 아니하나, 노동조합 활동이 정당하기 위해서는 그 목적이 근로조건의 유지·개선 및 근로자의 경제적·사회적 향상을 도모하기 위해 필요한 행위이어야 하고, 단체협약·취업규칙 등에 별도의 허용규정이 있거나 관행, 사용자 승인이 있는 경우외에는 근무시간 이외에 행해져야 하며, 사업장내에서는 사용자의 시설관리권에 바탕을 둔 합리적인 규율이나 제약에 따라야 할 것입니다."
노사협의회 의결사항,"근로자참여및협력증진에관한법률 제21조에 의한 의결사항중 근로자의 교육훈련 및 능
력개발 기본계획 의 범위는 사용자가 행하는 직업훈련, 교양교육, 기타 근로자의 능력
개발을 위한 일체의 교육훈련으로 연간 교육훈련시간, 주요 교육훈련내용 등 기본계
획 이며, 구체적인 실시계획까지는 포함되지는 않음. 따라서 매년 통상적으로 시행하
고 있는 연수계획 역시 위와 같은 기본적 사항에 관하여는 노사협의회의 의결을 거쳐
야 할 것으로 생각됩니다."
노조위원장의 임기와 정년의 적용,"현행 노동관계법에서는 정년에 관한 규정을 두고 있지 아니하므로 단체협약, 취업규칙 등에 정해진 바에 따라야 할 것인바, 귀 질의의 경우 취업규칙에서 정한 근로자의 정년이 1년이 남아 있다면 단체협약 등에 별도의 규정이 없는 한 정년이 3년 미만인 조합원이 임기 3년의 노조 임원에 선출되었다 하더라도 정년에 도달하면 임기와 관계없이 조합원 자격이 상실되는 것이며, 「노동조합 및 노동관계조정법」 제23조제1항의 규정에 의해 조합원이 아닌 자는 노동조합의 임원이 될 수 없는 것입니다."
노사협의회 협의사항,"근로자참여및협력증진에관한법률 제20조에 의한 협의사항은 노사공동이익의 증진을 위
하여 노사협의회에서 협의해야 할 사항으로서 노사일방 또는 쌍방이 협의안건을 제시
함으로써 협의회의 협의의제로 다루어지게 되는 것이므로 각 협의사항의 구체적인 범
위는 일반적인 원칙·기준 등을 중심으로 노사가 자율적으로 결정할 사항입니다 따라
서 개별근로자 채용과 같은 개별사안에 대하여 사용자가 반드시 노사협의회의 사전 협
의를 거쳐야 할 의무를 지는 것은 아닙니다."
노사협의회 의장,"노사협의회 의장은 근로자참여및협력증진에관한법률 제7조의 규정에 따라 위원중에서 호선합니다, 이 경우 근로자위원과 사용자위원 중 각 1인을 공동의장으로 할 수 있으며, 노사협의회 규정에 의장 선출 절차 및 방법에 관한 사항이 정하여져 있을 경우에는 그에 따르되, 정함이 없을 경우 노사간 자율적으로 절차 및 방법(예컨대 다득표 순 등)을 정하여 의장을 선출하여도 무방할 것으로 생각됩니다."
"권리분쟁, 이익분쟁의 구분","권리분쟁이라 함은 법령,단체협약,취업규칙 등에 의하여 확정된 권리에 관한
노사간 해석·적용·준수 등을 둘러싼 분쟁으로, 체불임금 청산, 해고자 복직, 단체협
약 이행, 부당노동행위 구제 등이 이에 해당된다.
이익분쟁이라 함은 근로조건의 기준
에 관한 권리의 형성·유지·변경 등을 둘러싼 분쟁으로, 임금인상이나 단협 갱신·체
결 등이 이에 해당하는 바, 「노동조합 및 노동관계조정법」에서 정한 노동쟁의는 이
익분쟁만을 한정하므로 권리분쟁에 관한 사항을 관철하기 위한 쟁의행위는 정당성을
인정될 수 없습니다."
"노사협의회 구성, 운영",노사협의회는 노동조합과는 그 설립취지를 달리하여 노동조합 유무·복수노조 여부에 관계없이 근로자수가 30인 이상인 경우에는 이를 설치·운영하는 것이므로 기왕에 노사협 의회가 설치·운영되었다면 사무직 노조의 설립과 관계없이 기존 노사협의회를 그대로 활용하면 될 것입니다
산재보험처리 이외의 보상요구여부,"근로자가 사업장에서 업무수행과 관련하여 부상, 질병, 신체장해 또는 사망 기
타 업무상의 재해를 당하였다면 산업재해보상보험법에 따라 일정한 보상(요양급
여, 휴업급여, 장해급여, 유족급여, 장례비 등)을 받을 수 있습니다.

산재보험급여는 근로자가 업무상의 사유로 재해를 당한 경우 사업주의 고의, 과
실여부에 관계없이 보헙급여를 지급하나, 만약 그 재해가 사업자의 고의 또는 과실
에 의한 경우에는 산재보험급여 수령여부와 관계없이 민사상 불법행위로 인한 손해배
상책임을 물어 손해배상액을 청구할 수 있습니다.

이와 관련하여 산업재해보상보험법 제80조에서는 수급권자가 동일한 사유에 대
하여 이 법에 의한 보험급여를 받은 경우에는 보험가입자는 그 금액의 한도 안에
서 민법 기타 법령에 의한 손해배상책임이 면제됨을 규정하고 있으므로, 동일한 업
무상 재해에 대하여 민법 기타 법령에 의한 상당한 금품을 받은 때에는 그 한도 내
에서 근로복지공단은 산업재해보험급여를 지급하지 아니합니다.

또한, 근로자가 업무상 재해로 인하여 산업재해보상금을 받았거나 받을 수 있
는 경우에는 보험가입자인 사업자는 동일한 사유에 대하여 근로기준법에 의한 재해
보상책임이 면제되고, 산재법상의 보험급여를 먼저 받은 경우에는 그 범위 내에서
손해배상책임이 면제되게 됩니다."
사업주의 산재처리 거부 시 대처,"사업주가 산재처리에 협조를 해주지 않거나 기피할 경우에는 현실적으로 산재신청을 하기가 쉽지가 않은 바, 이러한 경우에 대비하여 현행 법령에서는 사업주의 확인이 없더라도 산재신청을 하여 산재보상을 받을 수 있는 제도를 마련해놓고 있습니다.

산재보험법 시행규칙 제20조에서 보험가입자(사업주) 확인 없이 요양급여 신청이 이루어진 경우 보험가입자 의견 청취 등의 절차를 거쳐 요양급여신청을 처리하도록 하고 있으므로 사업장 관할 근로복지공단 지사에 요양신청서를 제출하시면, 근로복지공단에서 재해조사 등을 통하여 업무상의 재해 여부를 판정하게 됨을 알려드립니다."
산업안전보건교육 자료,"근로자 안전보건교육 자료는 한국산업안전보건공단 홈페이지에서 다양한 업종별, 직종별, 작업별 교육자료를 제공하고 있으며, 우리 사업장에 맞는 교재를 선정하여 교육을 실시할 수 있음. 이렇게 자체적으로 실시한 후 교육일지를 작성하여 보존하면 됨

※ 교육일지는 안전보건공단 홈페이지에서 '교육일지'로 검색하여 다운로드 받을 수 있음"
행사중 사고의 업무상 재해 인정요건,"행사중의 재해와 관련해서는 대법원은 다수의 판례에서 행사나 모임의 주최자, 목적, 내용, 참가인원과 그 강제성 여부, 운영방법, 비용부담 등의 사정에 비추어, 사회통념상 그 행사나 모임의 전반적인 과정이 사용자의 지배나 관리를 받는 상태에 있었는 지, 근로자가 그와 같은 행사나 모임의 순리적인 경로를 벗어나지 않은 상태에 있는지를 종합적으로 고려하여 업무상 재해 여부를 판단"
출퇴근 재해의 업무상 여부,"근로자가 사업장을 벗어나 출퇴근중에 있는 경우에는 통근방법과 그 경로
의 선택이 그 근로자에게 유보되어 있어 통상 사업주의 지배관리하에 있다고 볼
수 없으므로 원칙적으로 출퇴근중에 발생한 재해는 업무상의 재해로 인정되지 아니
합니다.

다만, 사업주가 근로자에게 차량 등의 교통수단을 제공하여 근로자로 하여금 출
·퇴근시 이를 이용하게 하고, 그 교통수단에 대한 관리·이용권이 사상(死傷)한
근로자에게 전담되어 있지 아니한 경우에는 예외적으로 이를 업무상의 재해로 인정
하고 있습니다."
산재치료 중 진료비 일부 부담여부,"산재보험에 있어서의 “요양”이란 근로자가 업무상의 사유로 부상을 당하거나 질병에 걸린 경우 근로복지공단 소속병원, 종합전문요양기관 또는 근로복지공단이 지정한 의료시설에서 치료를 받는 것을 말하며 요양은 근로복지공단에서 필요하다고 인정한 기간에 한하여 실시할 수 있습니다. ○ 요양급여의 범위 및 요양에 소요된 비용의 산정기준은 원칙적으로 「국민건강보험요양급여의 기준에 관한 규칙」과 「국민건강보험법」의 규정에 의하여 보건복지부장관이 고시하는 요양급여비용의 내역에 따르되, 산재근로자의 보호를 위하여 필요하다고 판단하여 고용노동부장관이 고시하는 「산업재해보상보험 요양급여산정기준」에서 추가로 인정하고 있습니다. 

따라서, 업무상 부상 또는 질병의 치료목적이 아닌 진료, 국민건강보험 비급여, 산재보험 요양급여 산정기준에서 정하지 않은 진료비 등은 「산업재해보상보험법」에 따른 보험급여를 지급받을 수 없습니다. ○ 아울러, 산재요양종결 후 “합병증 등 예방관리제”에 해당되지 않는 산재 후유증상을 개인적으로 치료하는 경우 산재보험 급여 대상에는 해당하지 않으나, - 국민건강보험법상 요양급여를 적용받을 수 있으니 참고하시기 바랍니다.(건강보험 요양급여 공단부담분에 대해 산재요양 종결 후 2년간은 산재보험에서 보전)"
뇌출혈로 쓰러졌을 때 업무상 재해 인정여부,"‘뇌출혈’이 업무상의 재해로 인정되기 위해서는 발병전 정신적·육체
적인 과로, 급격한 작업환경의 변화 등 상병을 유발할 만한 업무상의 사유가 있었
음을 입증할 필요가 있으며, 만일 이를 입증하지 못하거나 고혈압, 고지혈증, 당
뇨 등 기초질환의 자연적인 경과로 인하여 발병된 것으로 확인될 경우에는 업무상
의 재해로 인정되지 않습니다."
업무상 질병의 입증책임,"우리나라의 업무상 질병의 법제방식은 위 기준에 열거된 질병에 해당될 경
우에는 근로자는 당해 질병의 업무기인성의 입증을 면하게 하고, 열거되지 아니한
질병의 경우에는 업무기인성을 입증한 때에 한하여 업무상 질병을 인정하는 방식
을 채택하고 있는 바, 이 방식은 근로자의 입증부담을 경감시키며 새로운 직업병
발생에도 신속하게 대처하고 그 범위를 넓게 파악할 수 있는 장점이 있습니다.

그러나, 근로자의 경우 증거자료의 수집능력 부족, 질병원인 규명의 어려움 등
으로 인하여 업무와 상병간의 인과관계를 명백히 입증하기 어려운 점이 있으므로,
자료를 확보할 수 있는데까지 확보하여 근로복지공단에 요양신청서를 제출하시면,
근로복지공단에서 사실관계 확인, 의학적 소견 조회, 역학조사 등 재해조사를 통하
여 업무상 질병에의 해당 여부를 판정하게 됨을 알려드립니다."
보험급여 지급에 대한 이의신청방법,"근로복지공단의 보험급여에 관한 결정(요양불승인처분, 유족급여부지급처분, 장해
등급부지급처분 등)에 이의가 있을 때에는 그 결정처분이 있음을 안 날로부터 90일 이
내에 그 처분을 행한 근로복지공단의 소속기관을 경유하여 산업재해보상보험심사위원
회에 심사청구를 제기하거나 관할 행정법원에 행정소송을 제기할 수 있습니다.

이 경우 위의 기간은 불변기간으로서 그 기간내에 이의를 제기하지 아니할 때에는
그 처분은 확정되어 더 이상 다툴 수 없으므로 기간도과로 인하여 불이익을 받는 일
이 없도록 유의해야 합니다."
산재보험료 산정시 반납된 상여금을 임금총액에 포함하는가,"근로자가 임금을 전액수령한 후 그중 일부를 다시 사용자에게 반납하는 경우나 임
금지급 기일전 또는 후에 기왕의 임금(단체협약, 취업규칙, 근로계약 등으로 정해진
임금)중 일부를 반납(포기 등)한다는 의사표시를 하고 실제 임금의 일부를 공제하고
수령하는 경우 등 이미 발생된 임금채권을 개별근로자의 자유의사에 의하여 반납하는
경우라도 이는 산재보험료 산정기초 보수총액에 포함하여야 합니다.

또한 단체협약 및 취업규칙 등의 변경없이 반납된 임금, 상여금 등은 재해 보상에
있어서도 산재근로자의 평균임금 산정시 포함하여야 합니다."
직장생활의 3원칙을 알려줘.,"직장생활 3원칙을 알려드리겠습니다.
1. 상대방의 입장을 존중한다.
2. 약속은 반드시 지킨다.
3. 항상 능률을 생각한다."
직장인으로서의 마음가짐을 알려줘.,"직장인으로서의 마음가짐을 알려드리겠습니다.

1. 좋은 서비스 : 직장인으로서 책임 의식을 가지고 고객에게 좋은 서비스와 편의를 제공하도록 합시다.

2. 투철한 사명감 : 맡은 바 임무에 최선을 다하고 업무 수행을 위해 폭 넓은 지식을 습득하도록 합시다.

3. 직장인의 대표자 : 자신이 회사를 대표한다는 자부심과 긍지를 가지고, 공과 사를 구분하여 업무 처리를 합시다.

4. 친절의 생활화 : 밝은 표정과 명랑한 음성으로 상대방에게 호감을 주도록 하며, 바른 마음에서 바른 행동이 나온다는 것을 명심합시다.

5. 산뜻하고 맵시있게 : 세련된 용모, 복장, 매너로 고객을 편하게 대합시다."
유능한 직장인이 되기 위해서 어떻게 해야해?,"유능한 직장인이 되기 위해서 어떻게 해야 하는지 알려드리겠습니다.

1. 유능한 직장인이 되기 위해서는 첫 인상이 중요합니다. 회사 식구들에게 좋은 첫 인상을 남길 수 있도록 노력합시다.

2. 용모를 단정히 합시다. 바른 마음가짐에서 바른 행동이 나옵니다.

3. 적당히 시간을 때우려는 생각은 버립시다.

4. 지시 사항을 정확히 파악하여 일을 처리합시다. 의문이 생긴다면 그 자리에서 제 때 질문하는 것이 중요합니다.

5. 결과 보고는 정확하게 합시다."
직장인이 지켜야 할 기본 매너들에 대해서 알려줘.,"직장인이 가져야 할 기본 매너는 아래와 같습니다.
인사예절, 근무예절, 근무자세, 보행자세, 의자에 앉는 자세, 옷차림과 몸가짐, 소개매너, 접대매너, 악수매너, 명함매너, 승강기 탑승 매너, 호칭, 전화매너 등이 있습니다."
직장인의 인사예절에 대해서 알려줘.,"인사를 할 때는 우선, 상대방 앞에 서서 상대방의 눈을 봅니다.
등을 펴고 허리에서 직선으로 정중하게 머리를 숙입니다.
여자는 손을 오른손의 엄지를 왼손의 엄지와 검지 사이에 끼워 하복부에 가볍게 댑니다.
숙일 때보다 조금 느린 속도로 몸을 일으켜 다시 상대방의 눈을 봅니다.
발은 항상 뒷꿈치끼리 맞대고 앞부분이 30도의 각도를 이루도록 합니다.
인사는 먼저 보는 사람이 먼저 하도록 합니다.

인사의 종류에는 다음과 같은 것들이 있습니다.
1. 정중한 인사 (45도~90도) : 극히 높은 분이나 의식 등에서 하는 인사나, 사과를 할 때 사용됩니다.
2. 보통인사 (30도) : 일상 생활에서 가장 많이 행해지는 인사로, 보통 윗사람이나 고객을 맞이할 때와 보낼 때 사용됩니다.
3. 가벼운 인사 (15도) : 동료 또는 하루에 두 번 이상 만나는 사람, 또는 아랫사람에게 사용됩니다.
4. 목례 (5도) : 자주 대할 때나, 복도 실내 등에서 사용됩니다. 가볍게 머리를 숙이고 눈으로 예를 표하며 부드러운 표정을 짓습니다."
직장인의 근무에절에 대해서 알려줘.,"인사는 직장 생활의 윤활유입니다. 출퇴근 시에나 아침에 항상 먼저 인사를 해봅시다. *부탁합니다*, *수고하셨습니다*, *감사합니다* 등의 인사도 항상 생활화합시다.
피해를 주거나 실수를 하는 일이 있다면 사과인사를 건네도록 합시다.
이외에도 외출 출장, 휴가, 결근 및 지각 등 다양한 상황에서도 항상 인사를 잊지 말도록 합시다.

*주의* 상사에게 *수고하십시오* 라는 말은 적합하지 않습니다. 대신, *먼저 실례하겠습니다*, *먼저 가겠습니다* 와 같은 말로 인사하는 것이 바람직합니다."
직장인의 근무자세에 대해서 알려줘.,"허리와 가슴을 펴고 머리는 곧게, 입가엔 미소를 나타냅니다. 다른 사람과 이야기할 때 손을 몸의 앞으로 모으며 정중한 인상을 줍니다."
직장인의 보행자세에 대해서 알려줘.,등을 곱게 세우고 어깨의 힘은 빼고 무릎을 곧게 펴고 배는 당기고 중심은 허리 높이에 둡니다. 턱은 당기고 눈은 자연스럽게 앞을 봅니다. 걷는 방향이 직선이 되도록 합니다.
의자에 앉는 자세에 대해서 알려줘.,"되도록 의자의 왼쪽부터 앉습니다.
의자 깊숙이 허리와 가슴을 펴고 안정되기 앉습니다.

*책상, 의자에 앉는 자세*
등받이와 등 사이에는 주먹 1개 정도의 간격을 두고 깊이 바로 앉습니다.
책상과 윗모 사이는 적당히 띄우고, 등받이에 주먹 하나의 간격을 두고 앉습니다.
의자에 기댄 채 몸을 흔들거나, 책상이나 서류함에 걸터앉는 행위는 자제해야 합니다."
직장인이 가지면 안되는 근무자세에 대해서 알려줘.,"양손을 주머니에 넣고 걷지 않습니다.
책상 의자에 비스듬히 앉아 일하지 않습니다.
담배를 피우면서 일하지 않습니다.
이쑤시개를 입에 넣은 채 걷지 않습니다.
남이 보는데서 화장을 고치거나, 무릎을 벌리고 앉지 않습니다.
사적인 통화를 자주, 그리고 길게 하지 않습니다.
귀를 후비거나 손톱을 깎지 않습니다."
직장인의 옷차림에 대해서 알려줘.,"직장인의 옷차림에대해서 알려드리겠습니다.

*근무복* : 항상 청결히 하며 단정하게 입습니다.
*소매* : 깨끗하게 유지하도록 합니다. 걷어 붙이는 것을 피합니다.
*명찰* : 정 위치에 부착합니다. 근무복 상단 두번째 단추 좌측 5cm에 위치시킵니다.
*블라우스* : 속이 들여다 보이지 않도록 합니다. 속옷이 밖으로 나오지 않도록 합니다.
*뱃지* : 명찰 위로 1cm 상단 중앙에 위치시킵니다.
*스타킹* : 피부색과 가까운 것으로 합니다. 원색이나 무늬 있는 것, 진한 검정색 등은 피합니다. 올이 빠지거나 늘어나는 것에 주의합니다.
*양말* :착용하지 않는 것이 원칙입니다.
*구두* : 흑색이나 갈색이 좋습니다. 슬리퍼, 운동화, 캐주얼화는 피합니다. 굽이 낮고 활동하기 편한 것으로 합니다."
직장인의 몸가짐에 대해서 알려줘.,"직장인이 갖춰야 할 몸가짐에 대해서 알려드리겠습니다.
*머리* : 앞머리가 눈을 가리지 않도록 합니다. 자주 세발하여 윤기 있는 아름다운 머리를 유지합니다. 리본 등 화려한 머리장식과, 지나친 파마 같은 요란한 머리 모양은 피합니다. 긴 머리는 묶읍시다.
*얼굴* : 얼굴색은 밝고 건강하게 보이도록 합니다. 화장은 청결한 느낌을 주도록 합니다. 눈 화장은 엷게 하고, 아이 쉐도우나 속눈썹은 하지 않습니다.
*손톱* : 항시 짧고 청결하게 유지합니다. 매니큐어는 투명하거나 엷은 것으로 하고, 벗겨지지 않도록 주의합니다."
직장에서 보고할 때의 요령을 알려줘.,"지시를 받은 후 실행했다면 반드시 보고합니다.
지시를 받았을 때 그것을 동료에게 미뤄서도 안되고, 자신이 직접 보고해야합니다.
결론부터 말한 후 과정을 나중에 말합니다.
보고하려고 할 때 지시한 사람이 자리에 없다면, 반드시 메모하여 테이블에 놓고 나옵시다.
다른 사람들이 알아서는 안 될 내용을 보고할 때는 말로 하지 말고 메모로 전하는 것이 윗사람에 대한 에티켓입니다."
직장에서 소개할 때의 요령을 알려줘.,"외부 사람들을 소개하는 경우가 많은데 소개할 때는 어느 쪽을 먼저 소개해야 하는지를 생각하고 자연스럽게 말을 건넵니다.
소개를 받았을 때에는 반드시 일어서서 웃는 얼굴로 *안녕하십니까, 잘 부탁합니다.* 라고 인사합니다.

아래는 소개인사 예시입니다.
남성을 여성에 소개할 때 - 이 여사님, 한연수씨를 소개합니다.
손아랫사람을 손윗사람에게 소개할 때 - 김 사장님, 관리부 신 과장입니다.
직급이 낮은 사람을 높은 사람에게 소개할 때 - 부장님, 신입여사원 김선영 양입니다."
직장에서 손님을 안내할 때의 요령을 알려줘.,"손님을 응접실이나 어떤 장소로 안내할 경우에는
*이쪽으로 오십시오.*라고 말을 하고 비스듬히 비껴서 반걸음 앞서서 걸어가는 것이 바람직합니다.

밖으로 여는 문일 때는
문을 조용히 잡아당겨 열며 *안으로 드세요.* 하며 목례합니다.

안으로 여는 문일 때는
직원이 먼저 들어가는 문을 잡고 *들어오세요.* 하고 목례합니다.

자기가 접대 하는 경우가 아니면
*잠깐만 기다려 주십시오.* 하고 의자를 권하면서 정중히 인사를 합니다."
직장에서의 악수 매너를 알려줘.,"악수는 윗사람이 먼저 청하는 것. 아랫사람이 손을 먼저 내밀어서는 안 됩니다.
아는 사람을 만났을 때는 악수에 대비해서 오른손에 들었던 물건을 왼손으로 미리 이동합니다.
장갑 낀 손, 땀에 젖은 손으로 악수해서는 안 됩니다.
상대의 얼굴을 주시하면서 웃는 얼굴로 악수하여야 합니다.
손을 너무 세게 쥐거나 손끝 만 내밀고 악수해서는 안 됩니다.
계속 손을 잡은 채로 말을 해서는 안 되며, 인사만 끝나면 곧 손을 놓습니다."
직장에서 명함을 주고 받을 때의 매너를 알려줘.,"명함은 자신의 소개서입니다.
자기 명함은 출퇴근 시에 미리 일정한 매 수를 항상 윗주머니에 넣어두는 습관을 길러야 합니다.
주고받을 때는 항상 *만나 뵙게 되어 기쁩니다.* 라고 말 하면서 마음을 전달하기 위해 밝은 미소를 띠웁니다.

*명함을 줄 때*
손아랫사람이 윗사람에게 미리 내밉니다.
윗주머니에서 꺼냅니다.
자기 이름이 상대방 쪽에서 보이게끔 오른손으로 내밉니다.
반드시 일어서서 *XX회사 XX팀에 있는 XXX입니다.* 라고 통성명을 합니다.
상대가 두 사람 이상일 때는 손윗사람에게 먼저 줍니다.

*명함을 받을 때*
맞교환할 때는 왼손으로 받고 오른손으로 건넵니다.
받은 명함은 그 자리에서 보고 읽기 어려운 글자가 있을 때는 바로 물어봅니다.
받은 명함은 손으로 들고 만지작거리지 말고 반드시 상의 윗주머니에 넣습니다.
받은 명함은 잘 정리하여 명함첩에 꽂습니다.
상대의 명함을 받을 때에는 두 손으로 받습니다."
직장 승강기에서 귀빈 안내 시 매너를 알려줘.,"*승강기 탑승 시*
승강기 안내원은 손님이 도착되면 공손히 인사한 후 승강기의 운행 방향을 안내합니다.
손님이 탑승을 마치면 안내원이 탑승한 후 승강기를 작동시킵니다.

*승강기 하차 시*
승강기가 정차하면 문을 열고 손님이 먼저 하차합니다.
하차하는 동안 문이 닫히지 않도록 고정시키며 “감사합니다” 또는 “안녕히 가십시오”라고 인사합니다."
직장에서 전화를 받는 요령을 알려줘.,"전화기 벨이 두 번째 울릴 때 수화기를 듭니다.
우선 자기 소속과 이름을 밝힙니다 (감사합니다. 00회사 인사팀 000입니다)
상대방을 확인한 후 인사합니다. (00주식회사의 0대리시라구요? 안녕하십니까.)
메모 준비를 하고 경청합니다.
용건이 끝났음을 확인한 후 통화내용을 요약, 복창합니다.
(내일 오후 2시에 저희 회사로 나오신다고요?)
마무리 인사한 후 상대방이 수화기를 내려놓은 다음 조용히 수화기를 내려놓습니다(감사합니다. 안녕히 계십시오.)"
직장에서 전화를 걸 때의 요령을 알려줘.,"용건을 6하원칙으로 정리하여 메모합니다. (언제, 어디서, 누가, 무엇을, 어떻게, 왜)
전화번호를 확인한 후 왼손으로 수화기를 들고 오른손 검지로 다이얼을 누릅니다.
상대방이 나오면 자신을 밝힌 후 상대방을 확인합니다. (감사합니다. 00반도체 인사팀 000입니다 실례합니다만 000씨 아닙니까?)
간단한 인사말을 한 후 시간, 장소, 상황을 고려하여 용건을 말합니다. (바쁘신데 죄송합니다만)
용건이 끝났음을 확인한 후 마무리 인사를 합니다. (감사합니다)
상대방이 수화기를 내려놓은 다음 수화기를 조심스럽게 내려놓습니다."
직장에서 전화를 연결할 때의 요령을 알려줘.,"전화 받을 사람을 확인합니다(연구부 김과장님 말씀이신가요 잠깐만 기다려 주십시오)
동명인이 2명 이상 있을 경우에는 담당 성명으로 확인합니다(어느 부서에 근무하는 김과장 입니까)
전화를 연결할 경우에는 수화기를 막은 다음 전화 받을 사람에게 연결한다(김과장님 oo회사 김부장입니다)
전화를 받을 사람이 즉시 받을 수 없을 때에는 중간 상황을 수시로 알려 줍니다(김과장이 지금 통화중인데요)"
직장에서 전화할 때의 기본 자세를 알려줘.,"우리 회사의 친절한 이미지를 향상시킬 수 있도록 전화응대기법을 전 직원이 몸에 익히도록 합니다.
전화응대의 기본 요령은 아래와 같습니다.
1. 고객을 맞이하는 마음으로
2. 발음을 정확히
3. 내용은 간단하고 명료하게
4. 태도는 친절하고 말은 정중하게"
"직장에서의 형, 언니와 같은 호칭을 사용해도 될까?","다정한 사이라면 사적으로 부를 수 있습니다
하지만 나이를 확인하지도 않은 상태이거나, 처음 보는 사람, 서먹서먹한 사람에게 이러한 호칭을 사용하면 상대방을 불쾌하게 만들 염려가 있습니다."
나와 저를 어떻게 구별해서 사용해야해?,"5세 이상의 차이가 나는 윗사람에게는 *저*로 표현하는 것이 무난합니다.
연하의 상관이라도 공석에서는 *저*로 칭하는 것이 바람직하다.
조직체의 장인 경우 회사의 공식적인 행사나 회의 때 *저*라는 표현을 써야 할 경우가 많습니다.
조직체의 장은 훈시나 대규모 간부회의 때는 *나도 앞으로…*, *나는 이렇게…*로 말하는 것이 바람직합니다.
부부간에는 어떠한 경우라도 *나*라고 하는 것이 맞습니다. 부부는 동격이므로 *나*라는 표현이 바람직합니다."
직장에서 남자 직원을 부를 때 요령을 알려줘.,"선배 직원이 남자 직원을 부를 때는 *ooo씨* 또는 직위가 있을 때는 그 직위 앞에 성을 붙여 부르는 것이 좋습니다.
후배 직원이 남자 직원을 호칭할 때는 직위 뒤에 *님*자를 붙여 부르는 것이 좋습니다."
직장에서 여자 직원을 부를 때 요령을 알려줘.,"직장에서 기혼 여성들에게는 *ooo씨*로 칭하는 것이 바람직합니다.
(직장 밖 모임이라면 *미세스*, 중년 부인이상이면 *여사*라 호칭합니다)
또 대부분의 여성들을 *미스*나 *양*보다 *ooo씨*로 불러 주기를 원하므로 가장 무난한 호칭으로 씁니다."
각출이 무슨 뜻이야?,각출은 각자의 비용을 각자 지불하는 것을 의미합니다.
갹출이 무슨 뜻이야?,갹출은 같은 목적을 위해 여러 사람이 돈을 나눠 내는 것을 의미합니다.
격일이 무슨 뜻이야?,"격일은 일수를 셀 때 하루를 거르는 것을 의미합니다. 예를 들어, 월 수 금 수업이라고 하면 수업을 격일로 듣는다고 표현할 수 있습니다."
결재가 무슨 뜻이야?,부하직원이 제출한 안건을 상사가 검토한 후 승인하는 것을 의미합니다.
공란이 무슨 뜻이야?,공란은 비워둔 칸을 의미합니다.
공람이 무슨 뜻이야?,공람은 여러 사람이 보거나 보게 하는 것을 의미합니다.
공문이 무슨 뜻이야?,공문은 공공기관이나 단체에서 공식적으로 작성한 문서를 의미합니다.
공제가 무슨 뜻이야?,공제는 받을 몫에서 일정한 금액을 빼는 것을 의미합니다.
금번이 무슨 뜻이야?,금번은 이번을 의미합니다.
금일이 무슨 뜻이야?,금일은 오늘을 의미합니다.
금주가 무슨 뜻이야?,금주는 이번 주를 의미합니다.
기안이 무슨 뜻이야?,"기안에는 다음의 두 의미를 가집니다.
1. 의사결정을 위해 작성하는 문서
2. 사업이나 활동 계획의 초안"
기재가 무슨 뜻이야?,기재는 문서에 기록하는 것을 의미합니다.
납기가 무슨 뜻이야?,납기는 고객에게 주문받은 물품이나 결과물을 가져다줘야 하는 마감 기한을 의미합니다.
노무가 무슨 뜻이야?,노무는 노동이나 노동과 관련된 사무를 의미합니다.
노티가 무슨 뜻이야?,"노티는 알리다, 공지하다 라는 뜻의 notice를 비즈니스 상의 발음으로 사용한 것입니다."
당사가 무슨 뜻이야?,당사는 해당 회사를 의미합니다.
당일이 무슨 뜻이야?,당일은 특정한 바로 그 날을 의미합니다.
대결이 무슨 뜻이야?,대결은 기존의 결재권자가 결재할 수 없을 때 그 직무를 대리하는 자가 결재하는 것을 의미합니다.
대금이 무슨 뜻이야?,대금은 물건의 값으로 치르는 돈을 의미합니다.
대외비가 무슨 뜻이야?,대외비는 대외적으로 비밀인 사항을 의미합니다.
데드라인이 무슨 뜻이야?,데드라인은 마감 기한을 의미합니다.
도메인이 무슨 뜻이야?,"도메인은 비즈니스가 속한 산업 분야, 영역, 환경 전반을 일컫는 말입니다. 또는 인터넷 주소의 일부를 의미하기도 합니다."
듀데이트가 무슨 뜻이야?,듀데이트는 마감 기한을 의미합니다.
디벨롭이 무슨 뜻이야?,"디벨롭은 발전시키다, 구체화하다 라는 의미입니다."
램프업이 뭐야?,램프업은 생산 능력 등을 늘리는 행위를 의미합니다.
랩업이 뭐야?,랩업은 회고하는 것을 의미합니다.
러프가 무슨 뜻이야?,러프는 대략적이라는 의미를 가지고 있습니다. 디테일하다는 단어와 반대급부의 의미입니다.
레거시가 뭐야?,"레거시는 현재까지 쓰이는 낡은 기존 시스템, 또는 현재 체계에 영향을 미치는 과거의 시스템을 의미합니다."
레퍼런스가 뭐야?,레퍼런스는 참고 자료를 의미합니다.
로우 데이터가 뭐야?,로우 데이터는 가공하지 않은 원본 자료를 의미합니다.
룩앤필이 뭐야?,룩앤필은 제품의 겉모양이나 인터페이스 등 눈에 보이는 시각적 요소를 의미합니다.
리소스가 뭐야?,"리소스는 인력, 시간, 돈 등 업무에 투입되는 자원을 의미합니다."
리스트업이 뭐야?,리스트업은 데이터를 목록화하는 것입니다.
린이 뭐야?,"린은 군살이 없다, 낭비 없이 효율적인 운영방식을 의미합니다."
릴리즈가 뭐야?,"릴리즈는 발표, 배포, 출시를 의미합니다."
마이그레이션이 뭐야?,마이그레이션은 데이터 등을 새로운 운영 체계로 옮기는 과정을 의미합니다.
마일스톤이 뭐야?,마일스톤은 단기적 사업 목표를 의미합니다.
마켓쉐어가 뭐야?,마켓쉐어는 시장점유율을 의미합니다.
맨먼스가 뭐야?,맨먼스는 한 사람이 한 달 동안 수행할 수 있는 작업량을 의미합니다.
명일이 무슨 뜻이야?,명일은 내일을 의미합니다.
미수금이 뭐야?,미수금은 아직 거둬들이지 못한 돈을 의미합니다.
바텀업이 뭐야?,실무자가 업무를 기획해 윗선에 보고하여 일을 진행하는 방식입니다. 탑다운의 반대 개념입니다.
반려가 뭐야?,반려는 승인을 요청한 문서 등을 처리하지 않고 되돌려 보내는 것을 의미합니다.
배상이 뭐야?,배상은 남에게 손해를 끼친 일에 대하여 이를 물어주는 행위를 의미합니다.
백업이 뭐야?,백업은 파일 손상 등에 대비하여 데이터를 다른 저장장치에 복사해두는 행위입니다.
분장이 뭐야?,분장은 일이나 임무를 나누어 맡는 것을 의미합니다.
불출이 뭐야?,불출은 돈이나 물품을 내주는 것을 의미합니다.
붙임이 뭐야?,붙임은 글에서 빠진 것이나 참고할 내용을 뒤에 덧붙여 적는 것을 의미합니다.
사안이 뭐야?,사안은 문제가 되는 일이나 계획을 의미합니다.
사일로가 뭐야?,사일로는 팀끼리 벽을 치고 협력이나 소통을 하지 않는 상태를 의미합니다.
상기가 무슨 뜻이야?,상기는 지난 일을 돌이켜 생각해내는 것을 의미합니다.
상동이 무슨 뜻이야?,상동은 서로 같음을 의미합니다.
상신이 무슨 뜻이야?,"상신은 윗사람에게 일에 대한 의견, 상황을 말이나 글로 보고하는 것을 의미합니다."
세미나가 뭐야?,"세미나는 연구회, 발표회, 토론회 등을 의미합니다."
소구가 뭐야?,소구는 소비자의 구매욕을 자극하기 위하여 상품의 특성이나 매력을 호소하는 것입니다.
소프트카피가 뭐야?,소프트카피는 종이로 출력하지 않은 디지털 형태의 문서를 의미합니다.
송부가 뭐야?,송부는 편지나 물품을 보내는 것을 의미합니다.
수기가 뭐야?,수기는 글을 자기 손으로 직접 쓰는 것을 의미합니다.
순연이 뭐야?,순연은 차례로 기일을 늦추는 것입니다.
스콥이 뭐야?,스콥은 범위를 의미합니다. 예를 들어 업무 범위라면 업무스콥 이라고 표현합니다.
스크럼이 뭐야?,"스크럼은 팀 단위에서 주기적으로 업무를 계획해 짧은 기간동안 작업을 수행하는 업무 방식, 또는 이러한 업무를 위한 회의입니다."
스크리닝이 뭐야?,스크리닝은 초기 단계에서 상품을 테스트해 선별하는 일을 의미합니다.
스탠스가 뭐야?,"스탠스는 어떤 일에 대한 공개적인 입장, 태도를 의미합니다."
스프린트가 뭐야?,스프린트는 단기간에 집중해 프로젝트를 완료하는 업무 방식입니다.
싱크가 뭐야?,싱크는 작업끼리 수행 시기를 발 맞추는 것입니다.
ASAP이 뭐야?,"ASAP은 As Soon As Possible의 약자로, 가급적 빨리 라는 뜻입니다."
아이데이션이 뭐야?,아이데이션(Ideation)은 아이디어를 얻기 위해 행하는 모든 활동을 의미합니다.
아젠다가 뭐야?,아젠다는 회의 안건을 의미합니다.
애자일이 뭐야?,애자일(Agile)은 빠르고 유연하게 의사결정하고 변화에 민첩하게 대응하는 조직 운영 방식을 의미합니다.
액션 아이템이 뭐야?,액션 아이템은 실행 과제를 의미합니다.
양지가 무슨 뜻이야?,양지는 살펴서 알다 라는 의미입니다.
어레인지가 뭐야?,"어레인지는 처리하다, 정리하다, 조율하다 라는 의미입니다."
어사인이 뭐야?,"어사인(assign)은 목표나 방향을 일치시키다, 결을 맞추다 라는 뜻입니다."
얼터가 뭐야?,얼터는 대안을 의미합니다.
온보딩이 뭐야?,온보딩은 조직에 잘 정착할 수 있도록 돕는 교육과정입니다.
워크샵이 뭐야?,"워크샵은 공동 연수, 공동 수련을 의미합니다."
워킹데이가 뭐야?,"워킹데이는 근무일로, 대체로 평일을 가리킨다."
워터폴이 뭐야?,워터폴은 정해진 단계에 따라 순차적으로 일을 진행하는 조직 운영 방식입니다.
유선이 뭐야?,"유선은 전선에 의한 통신 방식으로, 전화를 가리킵니다."
유첨이 뭐야?,유첨은 파일 등을 첨부하는 것을 의미합니다.
이관이 뭐야?,이관은 받은 공문이나 알림을 다른 부서로 보내는 것입니다.
익일이 뭐야?,익일은 특정 날의 다음 날을 의미한다.
인볼브가 뭐야?,인볼브는 참여하거나 관여한다는 의미입니다.
인보이스가 뭐야?,"인보이스는 청구서, 명세서입니다."
인비가 워먀?,인비는 인사에 관련된 비밀을 의미합니다.
인사이트가 뭐야?,"인사이트는 통찰력으로, 사물이나 현상의 본질을 꿰뚫는 것입니다."
인폼이 뭐야?,인폼은 정보를 알리는 것입니다.
작일이 뭐야?,작일은 어제를 의미합니다.
재가가 뭐야?,재가는 안건을 결재하여 허가하는 것입니다.
재고가 뭐야?,재고는 어떤 일이나 사안에 대하여 다시 생각해보는 것입니다.
재무가 뭐야?,재무는 기업의 자금을 조달하고 운용하는 것입니다.
재무제표가 뭐야?,재무제표는 기업의 재무상태를 파악하기 위해 회계 원칙에 따라 작성한 보고서입니다.
전결이 뭐야?,전결은 권한을 위임받은 사람이 대신 결재하는 것입니다.
전일이 뭐야?,전일은 특정 날의 이전 날을 의미합니다.
전표가 뭐야?,전표는 거래 증거 자료를 보존하기 위해 거래 내용을 요약해 기록한 표입니다.
제고가 뭐야?,제고는 수준이나 정도를 끌어올리는 것입니다.
제위가 뭐야?,제위는 여러분 이라는 뜻입니다. 예를 들어 수신자 제위 라고 한다면 수신자 여러분 을 의미하는 것입니다.
지결이 뭐야?,"지결은 회사의 돈을 써야할 때 그 내역을 검토, 결정하는 일을 의미합니다."
지양이 뭐야?,지양은 더 높은 단계로 오르기 위하여 어떤 것을 하지 않는 것입니다.
지향이 뭐야?,지향은 어떤 목표로 뜻이 향하는 것을 의미합니다.
차일이 뭐야?,바로 앞에서 이야기한 날을 의미합니다.
착수가 뭐야?,착수는 어떤 일을 시작하는 것입니다.
출타가 뭐야?,다른 곳에 외출하는 것입니다.
커피챗이 뭐야?,커피챗은 커피를 마시며 캐주얼하게 이야기를 나누는 형식의 미팅입니다.
컨선이 뭐야?,컨선(concern)은 우려를 의미합니다.
컨퍼런스가 뭐야?,컨퍼런스는 특정 주제에 관해 사람들이 모여 토론하는 대규모 회의나 모임을 의미합니다.
컨퍼런스콜이 뭐야?,3인 이상이 전화로 진행하는 회의입니다.
컨펌이 뭐야?,"컨펌(confirm)은 승인, 확인입니다."
컬쳐덱이 뭐야?,컬쳐덱(culture dec)은 조직문화를 문서화한 자료입니다.
컷오프가 뭐야?,컷오프는 주로 물류업계에서 화물 반입 마감 시간을 의미합니다.
케파가 뭐야?,케파(capacity)는 능력 및 역량을 의미합니다. 주로 생산 가능한 최대치를 표현할 때 사용합니다.
크로스체크가 뭐야?,크로스체크는 여러 명의 관점으로 정보나 문서를 검사하는 것입니다.
킥오프가 뭐야?,"킥오프는 시작하다, 착수하다 라는 의미입니다."
타운홀미팅이 뭐야?,타운홀미팅은 전 직원이 모여 의견을 주고받는 회의입니다.
탑다운이 뭐야?,탑다운은 상사가 부하에게 업무를 지시하는 방식입니다. 바텀업과 반대급부의 개념입니다.
태스크가 뭐야?,태스크는 과업입니다.
토스가 뭐야?,토스(toss)는 상대에게 넘기는 것을 의미합니다.
톤앤매너가 뭐야?,"톤앤매너(tone & manner)는 분위기나 어조, 태도 등 기업과 브랜드의 정체성을 나타내는 요소입니다."
트래픽이 뭐야?,트래픽은 특정 사이트 등의 접속/이용량입니다.
팔로우업이 뭐야?,팔로우업은 후속조치 및 사후점검을 의미합니다.
페르소나가 뭐야?,페르소나는 고객을 구체화한 것입니다. 예를들어 당사의 페르소나는 스포츠를 즐기는 외향적인 30대 여성 직장인입니다 와 같이 사용 가능합니다.
펜딩이 뭐야?,펜딩은 결정되지 않고 보류중인 상태입니다.
폐사가 뭐야?,폐사는 말하는 이가 자기 회사를 낮추어 말하는 말입니다.
포워드가 뭐야?,"포워드는 전달하다 라는 의미로, 주로 메일을 다른 사람에게 전달할 때 사용합니다."
품의가 뭐야?,품의는 상사에게 말이나 글로 여쭈어 의논하는 것입니다.
프레임워크가 뭐야?,"프레임워크는 어떤 일에 대한 판단, 결정을 내리기 위한 틀입니다."
피드백이 뭐야?,"피드백은 작업한 일의 결과에 대해 평가나 의견, 조언을 주는 것입니다."
피봇팅이 뭐야?,피봇팅은 사업체를 그대로 유지한 채 사업의 방향을 바꾸는 것입니다.
피저빌리티가 뭐야?,피저빌리티(Feasibility)는 실현 가능성입니다.
하기가 뭐야?,하기는 어떤 사실을 알리기 위하여 본문 아래에 적는 것입니다.
하드카피가 뭐야?,하드카피는 문서를 인쇄물로 출력한 것입니다.
혼선이 뭐야?,혼선은 말이나 업무 등을 서로 다르게 파악하여 혼란이 발생하는 것입니다.
홀딩이 뭐야?,홀딩(holding)은 일시 중지입니다.
회람이 뭐야?,회람은 글이나 문서를 여러 사람이 차례로 돌려 보는 것입니다.
회신이 뭐야?,회신은 편지나 전화 등으로 답변하는 것입니다.
AOB가 뭐야?,AOB(Any Other Business)는 의제 외 기타사항입니다.
As-is가 뭐야?,As-is는 현재 상태를 의미합니다. 주로 실행 전/후 차이를 보여주는 보고서에서 To-be와 함께 사용합니다.
BCC가 뭐야?,BCC는 숨은 참조입니다. 수신자에게 보이지 않게 메일 참조를 걸고 싶을  사용합니다.
BEP가 뭐야?,BEP는 손익분기점입니다. 일정 기간동안의 총 비용과 총 수익이 동일한 지점을 의미합니다.
BM이 뭐야?,BM은 비즈니스 모델입니다. 기업의 총체적인 사업 아이디어입니다.
BP가 뭐야?,"BP는 산업별로 가장 잘하고 있는 사업 방식, 모범 경영 사례입니다."
CC가 뭐야?,CC는 참조입니다. 메일을 받는 주된 수신인은 아니지만 업무상 메일 참조가 필요한 사람에게 CC를 걸어서 보냅니다.
comm가 뭐야?,"comm는 커뮤니케이션, 즉 의사소통입니다."
CRM이 뭐야?,CRM은 고객과의 관계 관리를 통해 장기 충성고객을 확보하는 마케팅입니다.
DB가 뭐야?,"DB는 여러 사람이 공유해 사용할 목적으로 통합 관리되는 데이터의 집합으로, 데이터베이스라고 합니다."
e.g.가 뭐야?,e.g.는 예를 들어 라는 의미입니다.
EOB가 뭐야?,EOB는 업무 종료 시각입니다.
EOD가 뭐야?,EOD는 문서의 끝입니다.
EOM이 뭐야?,"EOM은 제곧내, 즉 메일 제목이 곧 내용과 같다는 의미입니다."
FYI가 뭐야?,FYI는 참고하세요 라는 의미입니다.
FYR이 뭐야?,FYR은 참고하세요 라는 의미입니다.
HR이 뭐야?,HR은 인적자원에 관련된 일입니다.
i.e.가 뭐야?,"i.e.는 즉, 다시말해 라는 의미입니다."
KPI가 뭐야?,KPI는 핵심성과지표입니다.
KSF가 뭐야?,KSF는 핵심성공요인입니다.
MECE가 뭐야?,MECE는 내용이 서로 중복되지 않으면서 누락되지 않게 정리하는 것입니다.
MoM이 뭐야?,MoM은 전월 대비 증감률입니다.
MVP가 뭐야?,MVP는 시장의 피드백을 받기 위해 최소한의 핵심기능만으로 구현한 테스트 제품입니다.
N/A가 뭐야?,N/A는 해당사항 없음을 의미합니다.
NDA가 뭐야?,NDA는 비밀유지계약서입니다.
OJT가 뭐야?,OJT는 직장 내 교육훈련입니다.
OKR이 뭐야?,OKR은 조직의 이상적인 목표를 수립하고 이를 달성했다고 말할 수 있는 핵심 성과 지표를 설정하는 조직 관리 체계입니다.
PM이 뭐야?,PM은 제품 또는 프로젝트의 관리자입니다.
PO가 뭐야?,PO는 제품의 전반을 책임지는 디렉터이자 리더입니다.
QoQ가 뭐야?,QOQ는 전분기 대비 증감률입니다.
R&R이 뭐야?,R&R은 역할과 책임을 의미합니다.
ROAS가 뭐야?,ROAS는 광고비용 대비 매출입니다.
ROI가 뭐야?,ROI는 투자 대비 이익률입니다.
T/O는 뭐야?,T/O는 조직편성도입니다. 주로 조직에 자리가 비었을 때 T/O가 났다고 표현합니다.
TBA가 뭐야?,TBA는 추후에 공고한다는 것입니다.
TBD가 뭐야?,TBD는 추후에 결정한다는 것입니다.
TF가 뭐야?,TF는 특정 프로젝트를 위해 임시로 조직된 팀입니다. TFT라고도 합니다.
To-be가 뭐야?,To-be는 추후 개선안입니다.
VoC가 뭐야?,VoC는 고객의 소리입니다.
VP가 뭐야?,VP는 핵심가치입니다.
w/o가 뭐야?,"w/o는 without, 미포함이라는 뜻입니다."
YoY가 뭐야?,YoY는 전년 대비 증감률입ㄴ다.
올림과 드림은 언제 쓰는거야?,"올림은 윗사람에게, 드림은 동년배 혹은 아랫사람에게 메일을 마치며 사용합니다."
B2B가 뭐야?,B2B는 회사 간 물품이나 서비스를 거래하는 것입니다.
B2C가 뭐야?,B2C는 기업이 제공하는 물품이나 서비스를 소비자와 직접 거래하는 것입니다.
B2G가 뭐야?,B2G는 기업과 정부 간 전자상거래입니다.
CEO가 뭐야?,CEO는 최고경영자입니다.
CTO가 뭐야?,CTO는 최고 기술경영자입니다.
CFO가 뭐야?,CFO는 최고 재무책임자입니다.
컨센서스가 뭐야?,컨센서느는 여러 사람들과 의견을 일치시키는 것입니다.
